,Age
0,3.6020599913279625
1,3.845098040014257
2,3.6020599913279625
3,3.7781512503836434
4,3.6020599913279625
5,3.4771212547196626
6,3.6020599913279625
7,3.3010299956639813
8,3.845098040014257
9,3.845098040014257
10,3.845098040014257
11,3.845098040014257
12,3.9030899869919438
13,3.9030899869919438
14,3.3010299956639813
15,3.4771212547196626
16,3.4771212547196626
17,3.3010299956639813
18,3.6989700043360187
19,3.6989700043360187
20,3.845098040014257
21,3.6989700043360187
22,3.6989700043360187
23,3.6989700043360187
24,3.7781512503836434
25,3.3010299956639813
26,3.845098040014257
27,3.6020599913279625
28,3.6020599913279625
29,3.845098040014257
30,3.6989700043360187
31,3.7781512503836434
32,3.6989700043360187
33,3.6989700043360187
34,3.7781512503836434
35,3.7781512503836434
36,3.845098040014257
37,3.845098040014257
38,3.7781512503836434
39,3.845098040014257
40,3.845098040014257
41,3.6989700043360187
42,3.845098040014257
43,3.6989700043360187
44,3.845098040014257
45,3.3010299956639813
46,3.6020599913279625
47,3.7781512503836434
48,3.6989700043360187
49,3.7781512503836434
50,3.845098040014257
51,3.9030899869919438
52,3.3010299956639813
53,3.7781512503836434
54,3.3010299956639813
55,3.4771212547196626
56,3.6989700043360187
57,3.4771212547196626
58,3.3010299956639813
59,3.3010299956639813
60,3.4771212547196626
61,3.6989700043360187
62,3.845098040014257
63,3.845098040014257
64,3.7781512503836434
65,3.845098040014257
66,3.6989700043360187
67,3.4771212547196626
68,3.9030899869919438
69,3.845098040014257
70,3.6989700043360187
71,3.7781512503836434
72,3.845098040014257
73,3.6989700043360187
74,3.845098040014257
75,3.6020599913279625
76,3.7781512503836434
77,3.4771212547196626
78,3.4771212547196626
79,3.6989700043360187
80,3.6989700043360187
81,3.7781512503836434
82,3.845098040014257
83,3.4771212547196626
84,3.845098040014257
85,3.6989700043360187
86,3.6989700043360187
87,3.845098040014257
88,3.3010299956639813
89,3.6020599913279625
90,3.845098040014257
91,3.845098040014257
92,3.6989700043360187
93,3.845098040014257
94,3.6989700043360187
95,3.845098040014257
96,3.6989700043360187
97,3.6020599913279625
98,3.4771212547196626
99,3.7781512503836434
100,3.4771212547196626
101,3.845098040014257
102,3.7781512503836434
103,3.6020599913279625
104,3.6020599913279625
105,3.7781512503836434
106,3.4771212547196626
107,3.3010299956639813
108,3.7781512503836434
109,3.7781512503836434
110,3.6989700043360187
111,3.6989700043360187
112,3.7781512503836434
113,3.845098040014257
114,3.9030899869919438
115,3.6020599913279625
116,3.6989700043360187
117,3.845098040014257
118,3.845098040014257
119,3.4771212547196626
120,3.9030899869919438
121,3.9030899869919438
122,3.4771212547196626
123,3.7781512503836434
124,3.845098040014257
125,3.7781512503836434
126,3.6989700043360187
127,3.6020599913279625
128,3.6020599913279625
129,3.7781512503836434
130,3.6020599913279625
131,3.6020599913279625
132,3.6020599913279625
133,3.9030899869919438
134,3.6020599913279625
135,3.6989700043360187
136,3.3010299956639813
137,3.6020599913279625
138,3.845098040014257
139,3.6020599913279625
140,3.6989700043360187
141,3.6989700043360187
142,3.845098040014257
143,3.6020599913279625
144,3.6989700043360187
145,3.4771212547196626
146,3.6020599913279625
147,3.6020599913279625
148,3.9030899869919438
149,3.845098040014257
150,3.6020599913279625
151,3.7781512503836434
152,3.7781512503836434
153,3.6020599913279625
154,3.4771212547196626
155,3.6989700043360187
156,3.845098040014257
157,3.6989700043360187
158,3.7781512503836434
159,3.6989700043360187
160,3.845098040014257
161,3.7781512503836434
162,3.6989700043360187
163,3.7781512503836434
164,3.7781512503836434
165,3.6020599913279625
166,3.9030899869919438
167,3.845098040014257
168,3.7781512503836434
169,3.6020599913279625
170,3.845098040014257
171,3.7781512503836434
172,3.845098040014257
173,3.6989700043360187
174,3.6989700043360187
175,3.6989700043360187
176,3.9030899869919438
177,3.9030899869919438
178,3.4771212547196626
179,3.4771212547196626
180,3.6989700043360187
181,3.845098040014257
182,3.845098040014257
183,3.7781512503836434
184,3.845098040014257
185,3.845098040014257
186,3.7781512503836434
187,3.7781512503836434
188,3.6989700043360187
189,3.6020599913279625
190,3.9030899869919438
191,3.845098040014257
192,3.4771212547196626
193,3.845098040014257
194,3.4771212547196626
195,3.845098040014257
196,3.6989700043360187
197,3.6020599913279625
198,3.7781512503836434
199,3.6020599913279625
200,3.6020599913279625
201,3.9030899869919438
202,3.9030899869919438
203,3.4771212547196626
204,3.7781512503836434
205,3.7781512503836434
206,3.845098040014257
207,3.845098040014257
208,3.6989700043360187
209,3.7781512503836434
210,3.845098040014257
211,3.6989700043360187
212,3.9030899869919438
213,3.9030899869919438
214,3.845098040014257
215,3.845098040014257
216,3.7781512503836434
217,3.845098040014257
218,3.845098040014257
219,3.7781512503836434
220,3.845098040014257
221,3.6020599913279625
222,3.6989700043360187
223,3.845098040014257
224,3.3010299956639813
225,3.6989700043360187
226,3.7781512503836434
227,3.9030899869919438
228,3.9030899869919438
229,3.9030899869919438
230,3.845098040014257
231,3.6989700043360187
232,3.6989700043360187
233,3.845098040014257
234,3.845098040014257
235,3.7781512503836434
236,3.6989700043360187
237,3.4771212547196626
238,3.6989700043360187
239,3.6989700043360187
240,3.6989700043360187
241,3.6020599913279625
242,3.4771212547196626
243,3.9030899869919438
244,3.9030899869919438
245,3.845098040014257
246,3.6989700043360187
247,3.845098040014257
248,3.7781512503836434
249,3.7781512503836434
250,3.6020599913279625
251,3.7781512503836434
252,3.7781512503836434
253,3.845098040014257
254,3.7781512503836434
255,3.6989700043360187
256,3.845098040014257
257,3.6020599913279625
258,3.845098040014257
259,3.6989700043360187
260,3.6989700043360187
261,3.6020599913279625
262,3.9030899869919438
263,3.6989700043360187
264,3.6020599913279625
265,3.845098040014257
266,3.845098040014257
267,3.7781512503836434
268,3.3010299956639813
269,3.6989700043360187
270,3.6020599913279625
271,3.6989700043360187
272,3.6020599913279625
273,3.9030899869919438
274,3.9030899869919438
275,3.4771212547196626
276,3.7781512503836434
277,3.6989700043360187
278,3.845098040014257
279,3.3010299956639813
280,3.4771212547196626
281,3.845098040014257
282,3.845098040014257
283,3.6989700043360187
284,3.845098040014257
285,3.845098040014257
286,3.845098040014257
287,3.6989700043360187
288,3.9030899869919438
289,3.6989700043360187
290,3.7781512503836434
291,3.6989700043360187
292,3.845098040014257
293,3.6989700043360187
294,3.6989700043360187
295,3.7781512503836434
296,3.9030899869919438
297,3.845098040014257
298,3.845098040014257
299,3.6020599913279625
300,3.7781512503836434
301,3.845098040014257
302,3.7781512503836434
303,3.6989700043360187
304,3.7781512503836434
305,3.6989700043360187
306,3.6989700043360187
307,3.845098040014257
308,3.9030899869919438
309,3.9030899869919438
310,3.9030899869919438
311,3.7781512503836434
312,3.4771212547196626
313,3.7781512503836434
314,3.845098040014257
315,3.845098040014257
316,3.9030899869919438
317,3.845098040014257
318,3.6989700043360187
319,3.7781512503836434
320,3.845098040014257
321,3.6020599913279625
322,3.9030899869919438
323,3.845098040014257
324,3.4771212547196626
325,3.6989700043360187
326,3.845098040014257
327,3.6989700043360187
328,3.845098040014257
329,3.6020599913279625
330,3.6020599913279625
331,3.7781512503836434
332,3.6989700043360187
333,3.6989700043360187
334,3.6020599913279625
335,3.6020599913279625
336,3.7781512503836434
337,3.845098040014257
338,3.6020599913279625
339,3.845098040014257
340,3.6989700043360187
341,3.9030899869919438
342,3.845098040014257
343,3.7781512503836434
344,3.845098040014257
345,3.7781512503836434
346,3.7781512503836434
347,3.6020599913279625
348,3.845098040014257
349,3.6020599913279625
350,3.845098040014257
351,3.7781512503836434
352,3.9030899869919438
353,3.7781512503836434
354,3.7781512503836434
355,3.7781512503836434
356,3.4771212547196626
357,3.7781512503836434
358,3.845098040014257
359,3.6020599913279625
360,3.845098040014257
361,3.6989700043360187
362,3.4771212547196626
363,3.9030899869919438
364,3.9030899869919438
365,3.9030899869919438
366,3.9030899869919438
367,3.845098040014257
368,3.6020599913279625
369,3.7781512503836434
370,3.7781512503836434
371,3.7781512503836434
372,3.6989700043360187
373,3.9030899869919438
374,3.9030899869919438
375,3.7781512503836434
376,3.6989700043360187
377,3.845098040014257
378,3.7781512503836434
379,3.7781512503836434
380,3.9030899869919438
381,3.7781512503836434
382,3.6020599913279625
383,3.6020599913279625
384,3.845098040014257
385,3.845098040014257
386,3.7781512503836434
387,3.6020599913279625
388,3.6989700043360187
389,3.6989700043360187
390,3.6020599913279625
391,3.9030899869919438
392,3.6989700043360187
393,3.4771212547196626
394,3.845098040014257
395,3.845098040014257
396,3.6020599913279625
397,3.845098040014257
398,3.845098040014257
399,3.845098040014257
400,3.7781512503836434
401,3.6989700043360187
402,3.7781512503836434
403,3.7781512503836434
404,3.845098040014257
405,3.6989700043360187
406,3.7781512503836434
407,3.3010299956639813
408,3.6989700043360187
409,3.845098040014257
410,3.7781512503836434
411,3.9030899869919438
412,3.7781512503836434
413,3.6989700043360187
414,3.7781512503836434
415,3.845098040014257
416,3.7781512503836434
417,3.7781512503836434
418,3.4771212547196626
419,3.7781512503836434
420,3.6989700043360187
421,3.7781512503836434
422,3.7781512503836434
423,3.7781512503836434
424,3.6989700043360187
425,3.6989700043360187
426,3.9030899869919438
427,3.9030899869919438
428,3.9030899869919438
429,3.9030899869919438
430,3.7781512503836434
431,3.7781512503836434
432,3.7781512503836434
433,3.845098040014257
434,3.6989700043360187
435,3.4771212547196626
436,3.7781512503836434
437,3.4771212547196626
438,3.9030899869919438
439,3.9030899869919438
440,3.3010299956639813
441,3.845098040014257
442,3.7781512503836434
443,3.7781512503836434
444,3.6989700043360187
445,3.6020599913279625
446,3.9030899869919438
447,3.7781512503836434
448,3.6020599913279625
449,3.6989700043360187
450,3.6989700043360187
451,3.845098040014257
452,3.845098040014257
453,3.7781512503836434
454,3.7781512503836434
455,3.7781512503836434
456,3.9030899869919438
457,3.6989700043360187
458,3.7781512503836434
459,3.7781512503836434
460,3.6989700043360187
461,3.7781512503836434
462,3.6989700043360187
463,3.7781512503836434
464,3.845098040014257
465,3.6020599913279625
466,3.845098040014257
467,3.845098040014257
468,3.3010299956639813
469,3.9030899869919438
470,3.6989700043360187
471,3.845098040014257
472,3.7781512503836434
473,3.6020599913279625
474,3.6989700043360187
475,3.6989700043360187
476,3.4771212547196626
477,3.6989700043360187
478,3.7781512503836434
479,3.7781512503836434
480,3.6020599913279625
481,3.6989700043360187
482,3.7781512503836434
483,3.845098040014257
484,3.845098040014257
485,3.9030899869919438
486,3.9030899869919438
487,3.6020599913279625
488,3.6989700043360187
489,3.7781512503836434
490,3.4771212547196626
491,3.6020599913279625
492,3.7781512503836434
493,3.4771212547196626
494,3.3010299956639813
495,3.7781512503836434
496,3.6020599913279625
497,3.4771212547196626
498,3.4771212547196626
499,3.7781512503836434
500,3.4771212547196626
501,3.7781512503836434
502,3.6989700043360187
503,3.6989700043360187
504,3.845098040014257
505,3.6989700043360187
506,3.6989700043360187
507,3.9030899869919438
508,3.9030899869919438
509,3.845098040014257
510,3.7781512503836434
511,3.6989700043360187
512,3.4771212547196626
513,3.7781512503836434
514,3.3010299956639813
515,3.845098040014257
516,3.845098040014257
517,3.4771212547196626
518,3.6020599913279625
519,3.845098040014257
520,3.7781512503836434
521,3.6989700043360187
522,3.6989700043360187
523,3.6989700043360187
524,3.6989700043360187
525,3.845098040014257
526,3.7781512503836434
527,3.9030899869919438
528,3.9030899869919438
529,3.9030899869919438
530,3.9030899869919438
531,3.845098040014257
532,3.845098040014257
533,3.6020599913279625
534,3.845098040014257
535,3.845098040014257
536,3.7781512503836434
537,3.6020599913279625
538,3.6989700043360187
539,3.6989700043360187
540,3.9030899869919438
541,3.9030899869919438
542,3.845098040014257
543,3.845098040014257
544,3.6989700043360187
545,3.6989700043360187
546,3.6989700043360187
547,3.9030899869919438
548,3.845098040014257
549,3.9030899869919438
550,3.6989700043360187
551,3.6989700043360187
552,3.6989700043360187
553,3.7781512503836434
554,3.845098040014257
555,3.845098040014257
556,3.6989700043360187
557,3.6989700043360187
558,3.845098040014257
559,3.7781512503836434
560,3.6989700043360187
561,3.9030899869919438
562,3.9030899869919438
563,3.6989700043360187
564,3.7781512503836434
565,3.6989700043360187
566,3.6020599913279625
567,3.7781512503836434
568,3.6020599913279625
569,3.9030899869919438
570,3.9030899869919438
571,3.9030899869919438
572,3.6020599913279625
573,3.845098040014257
574,3.4771212547196626
575,3.845098040014257
576,3.6989700043360187
577,3.6989700043360187
578,3.7781512503836434
579,3.845098040014257
580,3.845098040014257
581,3.6020599913279625
582,3.845098040014257
583,3.6989700043360187
584,3.9030899869919438
585,3.7781512503836434
586,3.6989700043360187
587,3.7781512503836434
588,3.4771212547196626
589,3.845098040014257
590,3.6989700043360187
591,3.845098040014257
592,3.7781512503836434
593,3.845098040014257
594,3.7781512503836434
595,3.6989700043360187
596,3.7781512503836434
597,3.845098040014257
598,3.7781512503836434
599,3.7781512503836434
600,3.6989700043360187
601,3.6989700043360187
602,3.9030899869919438
603,3.9030899869919438
604,3.4771212547196626
605,3.6989700043360187
606,3.845098040014257
607,3.7781512503836434
608,3.7781512503836434
609,3.845098040014257
610,3.7781512503836434
611,3.845098040014257
612,3.7781512503836434
613,3.845098040014257
614,3.7781512503836434
615,3.6989700043360187
616,3.6020599913279625
617,3.6020599913279625
618,3.845098040014257
619,3.6989700043360187
620,3.845098040014257
621,3.845098040014257
622,3.845098040014257
623,3.7781512503836434
624,3.9030899869919438
625,3.7781512503836434
626,3.4771212547196626
627,3.845098040014257
628,3.4771212547196626
629,3.7781512503836434
630,3.6989700043360187
631,3.9030899869919438
632,3.6020599913279625
633,3.845098040014257
634,3.7781512503836434
635,3.6989700043360187
636,3.845098040014257
637,3.6989700043360187
638,3.6989700043360187
639,3.9030899869919438
640,3.7781512503836434
641,3.845098040014257
642,3.6989700043360187
643,3.7781512503836434
644,3.6989700043360187
645,3.845098040014257
646,3.845098040014257
647,3.7781512503836434
648,3.845098040014257
649,3.7781512503836434
650,3.6989700043360187
651,3.6989700043360187
652,3.845098040014257
653,3.7781512503836434
654,3.9030899869919438
655,3.9030899869919438
656,3.845098040014257
657,3.845098040014257
658,3.9030899869919438
659,3.845098040014257
660,3.845098040014257
661,3.6020599913279625
662,3.9030899869919438
663,3.9030899869919438
664,3.7781512503836434
665,3.7781512503836434
666,3.6989700043360187
667,3.9030899869919438
668,3.6989700043360187
669,3.7781512503836434
670,3.845098040014257
671,3.9030899869919438
672,3.9030899869919438
673,3.9030899869919438
674,3.9030899869919438
675,3.845098040014257
676,3.6989700043360187
677,3.6020599913279625
678,3.6989700043360187
679,3.845098040014257
680,3.9030899869919438
681,3.9030899869919438
682,3.9030899869919438
683,3.9030899869919438
684,3.7781512503836434
685,3.7781512503836434
686,3.6989700043360187
687,3.6989700043360187
688,3.6989700043360187
689,3.7781512503836434
690,3.845098040014257
691,3.6989700043360187
692,3.9030899869919438
693,3.6989700043360187
694,3.7781512503836434
695,3.845098040014257
696,3.6989700043360187
697,3.845098040014257
698,3.6989700043360187
699,3.7781512503836434
700,3.7781512503836434
701,3.845098040014257
702,3.845098040014257
703,3.7781512503836434
704,3.9030899869919438
705,3.9030899869919438
706,3.6989700043360187
707,3.7781512503836434
708,3.6989700043360187
709,3.845098040014257
710,3.845098040014257
711,3.845098040014257
712,3.6989700043360187
713,3.7781512503836434
714,3.845098040014257
715,3.845098040014257
716,3.7781512503836434
717,3.4771212547196626
718,3.6989700043360187
719,3.6989700043360187
720,3.7781512503836434
721,3.9030899869919438
722,3.9030899869919438
723,3.845098040014257
724,3.845098040014257
725,3.9030899869919438
726,3.9030899869919438
727,3.845098040014257
728,3.7781512503836434
729,3.7781512503836434
730,3.845098040014257
731,3.9030899869919438
732,3.9030899869919438
733,3.845098040014257
734,3.6020599913279625
735,3.6020599913279625
736,3.845098040014257
737,3.6989700043360187
738,3.7781512503836434
739,3.6989700043360187
740,3.9030899869919438
741,3.9030899869919438
742,3.9030899869919438
743,3.845098040014257
744,3.845098040014257
745,3.845098040014257
746,3.7781512503836434
747,3.845098040014257
748,3.7781512503836434
749,3.9030899869919438
750,3.9030899869919438
751,3.9030899869919438
752,3.6989700043360187
753,3.9030899869919438
754,3.9030899869919438
755,3.9030899869919438
756,3.7781512503836434
757,3.6989700043360187
758,3.7781512503836434
759,3.845098040014257
760,3.6020599913279625
761,3.845098040014257
762,3.6989700043360187
763,3.7781512503836434
764,3.6989700043360187
765,3.6989700043360187
766,3.9030899869919438
767,3.845098040014257
768,3.845098040014257
769,3.7781512503836434
770,3.7781512503836434
771,3.845098040014257
772,3.6989700043360187
773,3.6989700043360187
774,3.7781512503836434
775,3.6989700043360187
776,3.6989700043360187
777,3.7781512503836434
778,3.6020599913279625
779,3.9030899869919438
780,3.845098040014257
781,3.7781512503836434
782,3.6020599913279625
783,3.845098040014257
784,3.7781512503836434
785,3.845098040014257
786,3.7781512503836434
787,3.845098040014257
788,3.6989700043360187
789,3.9030899869919438
790,3.9030899869919438
791,3.7781512503836434
792,3.7781512503836434
793,3.845098040014257
794,3.845098040014257
795,3.4771212547196626
796,3.9030899869919438
797,3.9030899869919438
798,3.9030899869919438
799,3.9030899869919438
800,3.845098040014257
801,3.6989700043360187
802,3.7781512503836434
803,3.845098040014257
804,3.9030899869919438
805,3.7781512503836434
806,3.9030899869919438
807,3.6989700043360187
808,3.7781512503836434
809,3.6989700043360187
810,3.7781512503836434
811,3.845098040014257
812,3.6020599913279625
813,3.9030899869919438
814,3.845098040014257
815,3.845098040014257
816,3.6989700043360187
817,3.845098040014257
818,3.845098040014257
819,3.7781512503836434
820,3.9030899869919438
821,3.9030899869919438
822,3.7781512503836434
823,3.845098040014257
824,3.9030899869919438
825,3.9030899869919438
826,3.7781512503836434
827,3.6989700043360187
828,3.6989700043360187
829,3.6989700043360187
830,3.9030899869919438
831,3.9030899869919438
832,3.9030899869919438
833,3.7781512503836434
834,3.7781512503836434
835,3.6989700043360187
836,3.845098040014257
837,3.7781512503836434
838,3.6989700043360187
839,3.845098040014257
840,3.9030899869919438
841,3.9030899869919438
842,3.9030899869919438
843,3.9030899869919438
844,3.845098040014257
845,3.845098040014257
846,3.845098040014257
847,3.845098040014257
848,3.6989700043360187
849,3.9030899869919438
850,3.7781512503836434
851,3.7781512503836434
852,3.7781512503836434
853,3.9030899869919438
854,3.9030899869919438
855,3.845098040014257
856,3.9030899869919438
857,3.9030899869919438
858,3.845098040014257
859,3.845098040014257
860,3.6020599913279625
861,3.845098040014257
862,3.6989700043360187
863,3.9030899869919438
864,3.9030899869919438
865,3.9030899869919438
866,3.6989700043360187
867,3.9030899869919438
868,3.9030899869919438
869,3.845098040014257
870,3.6020599913279625
871,3.6989700043360187
872,3.7781512503836434
873,3.9030899869919438
874,3.9030899869919438
875,3.9030899869919438
876,3.845098040014257
877,3.845098040014257
878,3.845098040014257
879,3.6989700043360187
880,3.7781512503836434
881,3.6989700043360187
882,3.6989700043360187
883,3.845098040014257
884,3.6020599913279625
885,3.845098040014257
886,3.6989700043360187
887,3.9030899869919438
888,3.9030899869919438
889,3.9030899869919438
890,3.7781512503836434
891,3.845098040014257
892,3.9030899869919438
893,3.6989700043360187
894,3.845098040014257
895,3.7781512503836434
896,3.845098040014257
897,3.845098040014257
898,3.845098040014257
899,3.7781512503836434
900,3.7781512503836434
901,3.9030899869919438
902,3.9030899869919438
903,3.7781512503836434
904,3.6020599913279625
905,3.6989700043360187
906,3.9030899869919438
907,3.9030899869919438
908,3.9030899869919438
909,3.9030899869919438
910,3.845098040014257
911,3.7781512503836434
912,3.9030899869919438
913,3.9030899869919438
914,3.9030899869919438
915,3.6989700043360187
916,3.7781512503836434
917,3.9030899869919438
918,3.9030899869919438
919,3.7781512503836434
920,3.7781512503836434
921,3.9030899869919438
922,3.9030899869919438
923,3.9030899869919438
924,3.845098040014257
925,3.845098040014257
926,3.7781512503836434
927,3.845098040014257
928,3.845098040014257
929,3.845098040014257
930,3.9030899869919438
931,3.9030899869919438
932,3.9030899869919438
933,3.9030899869919438
934,3.9030899869919438
935,3.7781512503836434
936,3.6989700043360187
937,3.7781512503836434
938,3.7781512503836434
939,3.9030899869919438
940,3.845098040014257
941,3.6989700043360187
942,3.9030899869919438
943,3.9030899869919438
944,3.7781512503836434
945,3.9030899869919438
946,3.9030899869919438
947,3.845098040014257
948,3.7781512503836434
949,3.6989700043360187
950,3.7781512503836434
951,3.7781512503836434
952,3.9030899869919438
953,3.9030899869919438
954,3.9030899869919438
955,3.9030899869919438
956,3.9030899869919438
957,3.845098040014257
958,3.6020599913279625
959,3.845098040014257
960,3.845098040014257
961,3.6989700043360187
962,3.6989700043360187
963,3.9030899869919438
964,3.9030899869919438
965,3.845098040014257
966,3.7781512503836434
967,3.7781512503836434
968,3.9030899869919438
969,3.9542425094393248
970,3.7781512503836434
971,3.9030899869919438
972,3.7781512503836434
973,3.6989700043360187
974,3.6020599913279625
975,3.6989700043360187
976,3.845098040014257
977,3.9030899869919438
978,3.9030899869919438
979,3.9030899869919438
980,3.9030899869919438
981,3.6989700043360187
982,3.7781512503836434
983,3.9030899869919438
984,3.7781512503836434
985,3.7781512503836434
986,3.9030899869919438
987,3.9030899869919438
988,3.9030899869919438
989,3.7781512503836434
990,3.9030899869919438
991,3.9030899869919438
992,3.845098040014257
993,3.9030899869919438
994,3.9030899869919438
995,3.9030899869919438
996,3.9542425094393248
997,3.7781512503836434
998,3.6989700043360187
999,3.6989700043360187
1000,3.9030899869919438
1001,3.845098040014257
1002,3.9030899869919438
1003,3.9030899869919438
1004,3.6989700043360187
1005,3.9030899869919438
1006,3.7781512503836434
1007,3.9030899869919438
1008,3.6989700043360187
1009,3.845098040014257
1010,3.9030899869919438
1011,3.9030899869919438
1012,3.9030899869919438
1013,3.9030899869919438
1014,3.7781512503836434
1015,3.845098040014257
1016,3.845098040014257
1017,3.845098040014257
1018,3.7781512503836434
1019,3.9030899869919438
1020,3.845098040014257
1021,3.7781512503836434
1022,3.845098040014257
1023,3.7781512503836434
1024,3.9030899869919438
1025,3.845098040014257
1026,3.845098040014257
1027,3.845098040014257
1028,3.6020599913279625
1029,3.845098040014257
1030,3.6989700043360187
1031,3.6989700043360187
1032,3.9030899869919438
1033,3.6020599913279625
1034,3.7781512503836434
1035,3.7781512503836434
1036,3.6989700043360187
1037,3.845098040014257
1038,3.845098040014257
1039,3.9030899869919438
1040,3.9030899869919438
1041,3.9030899869919438
1042,3.845098040014257
1043,3.7781512503836434
1044,3.9030899869919438
1045,3.7781512503836434
1046,3.7781512503836434
1047,3.9030899869919438
1048,3.6989700043360187
1049,3.845098040014257
1050,3.6989700043360187
1051,3.6989700043360187
1052,3.6989700043360187
1053,3.9030899869919438
1054,3.9030899869919438
1055,3.845098040014257
1056,3.7781512503836434
1057,3.9030899869919438
1058,3.9030899869919438
1059,3.845098040014257
1060,3.9030899869919438
1061,3.9030899869919438
1062,3.7781512503836434
1063,3.845098040014257
1064,3.7781512503836434
1065,3.7781512503836434
1066,3.6020599913279625
1067,3.845098040014257
1068,3.845098040014257
1069,3.9030899869919438
1070,3.9030899869919438
1071,3.9030899869919438
1072,3.845098040014257
1073,3.9030899869919438
1074,3.7781512503836434
1075,3.9030899869919438
1076,3.6989700043360187
1077,3.6989700043360187
1078,3.7781512503836434
1079,3.9030899869919438
1080,3.7781512503836434
1081,3.9030899869919438
1082,3.9030899869919438
1083,3.6989700043360187
1084,3.6989700043360187
1085,3.9030899869919438
1086,3.9030899869919438
1087,3.9030899869919438
1088,3.845098040014257
1089,3.6989700043360187
1090,3.9030899869919438
1091,3.9030899869919438
1092,3.9030899869919438
1093,3.845098040014257
1094,3.845098040014257
1095,3.7781512503836434
1096,3.9030899869919438
1097,3.845098040014257
1098,3.7781512503836434
1099,3.9030899869919438
1100,3.9030899869919438
1101,3.6989700043360187
1102,3.9542425094393248
1103,3.9030899869919438
1104,3.845098040014257
1105,3.9030899869919438
1106,3.9030899869919438
1107,3.845098040014257
1108,3.9030899869919438
1109,3.9030899869919438
1110,3.6989700043360187
1111,3.9030899869919438
1112,3.6989700043360187
1113,3.845098040014257
1114,3.7781512503836434
1115,3.6989700043360187
1116,3.9030899869919438
1117,3.9030899869919438
1118,3.9030899869919438
1119,3.9030899869919438
1120,3.845098040014257
1121,3.845098040014257
1122,3.9030899869919438
1123,3.9030899869919438
1124,3.9030899869919438
1125,3.7781512503836434
1126,3.9030899869919438
1127,3.9030899869919438
1128,3.6989700043360187
1129,3.845098040014257
1130,3.9030899869919438
1131,3.9030899869919438
1132,3.9030899869919438
1133,3.845098040014257
1134,3.9030899869919438
1135,3.7781512503836434
1136,3.9030899869919438
1137,3.9030899869919438
1138,3.9030899869919438
1139,3.9030899869919438
1140,3.9030899869919438
1141,3.845098040014257
1142,3.845098040014257
1143,3.9030899869919438
1144,3.9030899869919438
1145,3.9030899869919438
1146,3.7781512503836434
1147,3.6989700043360187
1148,3.9030899869919438
1149,3.9030899869919438
1150,3.845098040014257
1151,3.9030899869919438
1152,3.9030899869919438
1153,3.6989700043360187
1154,3.7781512503836434
1155,3.9030899869919438
1156,3.9030899869919438
1157,3.845098040014257
1158,3.9030899869919438
1159,3.7781512503836434
1160,3.6989700043360187
1161,3.9030899869919438
1162,3.6989700043360187
1163,3.9030899869919438
1164,3.9030899869919438
1165,3.9030899869919438
1166,3.7781512503836434
1167,3.845098040014257
1168,3.7781512503836434
1169,3.845098040014257
1170,3.9030899869919438
1171,3.9030899869919438
1172,3.845098040014257
1173,3.9030899869919438
1174,3.9030899869919438
1175,3.9030899869919438
1176,3.9030899869919438
1177,3.9030899869919438
1178,3.9030899869919438
1179,3.9030899869919438
1180,3.6989700043360187
1181,3.845098040014257
1182,3.9030899869919438
1183,3.7781512503836434
1184,3.9030899869919438
1185,3.7781512503836434
1186,3.9030899869919438
1187,3.9030899869919438
1188,3.7781512503836434
1189,3.9030899869919438
1190,3.9030899869919438
1191,3.9030899869919438
1192,3.9030899869919438
1193,3.9030899869919438
1194,3.9542425094393248
1195,3.6989700043360187
1196,3.9030899869919438
1197,3.9030899869919438
1198,3.845098040014257
1199,3.9030899869919438
1200,3.9030899869919438
1201,3.9030899869919438
1202,3.9030899869919438
1203,3.9030899869919438
1204,3.9030899869919438
1205,3.9030899869919438
1206,3.9030899869919438
1207,3.9030899869919438
1208,3.9030899869919438
1209,3.9542425094393248
1210,3.9030899869919438
1211,3.9030899869919438
1212,3.9030899869919438
1213,3.6989700043360187
1214,3.9542425094393248
1215,3.845098040014257
1216,3.9030899869919438
1217,3.9030899869919438
1218,3.9030899869919438
1219,3.9030899869919438
1220,3.9030899869919438
1221,3.9542425094393248
1222,3.9030899869919438
1223,3.9030899869919438
1224,3.9030899869919438
1225,3.9030899869919438
1226,3.9542425094393248
1227,3.9030899869919438
1228,3.9030899869919438
1229,3.9030899869919438
1230,3.9542425094393248
1231,3.9030899869919438
1232,3.9030899869919438
1233,3.9542425094393248
1234,3.9030899869919438
1235,3.9030899869919438
1236,3.9030899869919438
1237,3.9030899869919438
1238,3.9030899869919438
1239,3.9030899869919438
1240,3.9030899869919438
1241,3.9030899869919438
1242,3.9030899869919438
1243,3.9030899869919438
1244,3.9542425094393248
1245,3.9030899869919438
1246,3.9030899869919438
1247,3.9030899869919438
1248,3.9030899869919438
1249,3.9030899869919438
1250,3.9030899869919438
1251,3.9030899869919438
1252,3.9030899869919438
1253,3.9030899869919438
1254,3.9542425094393248
1255,3.9542425094393248
1256,3.9542425094393248
1257,3.9030899869919438
1258,3.9030899869919438
1259,3.9030899869919438
1260,3.9030899869919438
1261,3.9030899869919438
1262,3.9542425094393248
1263,3.9542425094393248
1264,3.9030899869919438
1265,3.9542425094393248
1266,3.9542425094393248
1267,3.9542425094393248
1268,3.9542425094393248
1269,3.9542425094393248
1270,3.9542425094393248
1271,3.9030899869919438
1272,3.9542425094393248
1273,3.9542425094393248
1274,3.9542425094393248
1275,3.9542425094393248
1276,3.9542425094393248
1277,3.9542425094393248
1278,3.9542425094393248
1279,3.9542425094393248
1280,3.9542425094393248
1281,3.9542425094393248
1282,3.9542425094393248
1283,3.9542425094393248
1284,3.9542425094393248
1285,3.9542425094393248
1286,3.9542425094393248
1287,3.9542425094393248
1288,3.9542425094393248
1289,3.9542425094393248
1290,3.9542425094393248
1291,3.9542425094393248
1292,3.9542425094393248
1293,3.9542425094393248
1294,3.9542425094393248
1295,3.9542425094393248
1296,3.9542425094393248
1297,3.9542425094393248
1298,3.9542425094393248
1299,3.9542425094393248
1300,3.9542425094393248
1301,3.9542425094393248
1302,3.9542425094393248
1303,3.9542425094393248
1304,3.9542425094393248
1305,3.9542425094393248
1306,3.9542425094393248
1307,3.9542425094393248
1308,0.7047180926632999
1309,1.6358615010935664
1310,0.01657736712620539
1311,3.739415120715155
1312,3.7967205327915465
1313,0.4792055767142183
1314,3.653858579128504
1315,3.2656345731631773
1316,0.11524122719704
1317,2.0788754267127922
1318,0.03771945409907543
1319,1.8187573565318675
1320,0.016741207920879984
1321,0.9523145709920138
1322,0.38422798889064363
1323,0.2716405705972678
1324,0.7434686158572421
1325,0.01494377017614196
1326,0.0461978640018406
1327,0.4387411570944534
1328,0.015279273824841504
1329,0.1484084754163512
1330,0.25923444039937127
1331,0.04757472469519905
1332,0.02589195246818597
1333,1.7140238598396043
1334,0.03579788661977716
1335,0.42730709813405815
1336,0.04075334415811867
1337,0.5826012233561787
1338,0.0055862836279821386
1339,0.48969091207288096
1340,0.3867389020320364
1341,0.7427618738480095
1342,0.027779070184536903
1343,0.04473305574623117
1344,0.20690833924808336
1345,1.143088663202079
1346,0.6245829679214454
1347,0.009842883583467113
1348,0.009475298645243109
1349,0.727883813587734
1350,0.42375115532590907
1351,0.036155976953693804
1352,0.05476508361077543
1353,0.10509484602080255
1354,3.350612975308848
1355,0.031482363298074974
1356,0.03372223219724021
1357,0.137925106882351
1358,0.00871974070412436
1359,0.1008236876560234
1360,0.21248942131187712
1361,0.14834099714898707
1362,0.016198095741086764
1363,0.03232345247748747
1364,1.954648776442063
1365,0.35748978007166626
1366,0.058875435725779926
1367,0.5960316756658479
1368,0.024635302774416907
1369,0.4286721242492476
1370,0.22375648788665925
1371,1.8538657408479837
1372,2.273893779007855
1373,3.6795632090441717
1374,0.014519474047669914
1375,0.5246507735296845
1376,0.1504868752035641
1377,0.014928073277293091
1378,0.03837038541515322
1379,0.014776396161824747
1380,0.2335334842780899
1381,0.30634255103870955
1382,0.05366538291135732
1383,0.5069704653226759
1384,1.4720209104280655
1385,0.08720319668390003
1386,0.02331686576390778
1387,0.5767759158957595
1388,0.05547495271150204
1389,0.27672921031146397
1390,1.9455892185571013
1391,0.01788549172252522
1392,0.007830977553379116
1393,0.04540445893414326
1394,0.02805077033630933
1395,0.007013947183294106
1396,1.0423361659180848
1397,0.5791241135877935
1398,0.022890443675510446
1399,1.2585242572830104
1400,0.3033650112507747
1401,0.19906470671446502
1402,0.07559720439043759
1403,1.7503631948170852
1404,3.0702128974070533
1405,0.06005595491691698
1406,0.37730970976780437
1407,1.6103328014976075
1408,0.8898306852616169
1409,0.05147290198627964
1410,0.607041907863149
1411,0.20600219958988025
1412,0.2949061476217362
1413,0.028842442880747818
1414,0.6349445380657728
1415,0.008314571244811336
1416,0.6449466218625501
1417,0.008406936743971803
1418,0.38122487617183987
1419,0.2033214129459463
1420,0.6610223864819831
1421,0.862944782684499
1422,0.044657636372673996
1423,0.01997019230747017
1424,0.1164889185280585
1425,0.7509677020386443
1426,0.018363379195606735
1427,0.05862806131632123
1428,0.1962109141347111
1429,0.032680634871357646
1430,0.15622072289531014
1431,0.00754878813958753
1432,0.03498672171048073
1433,0.11027776581004464
1434,0.20523828168647074
1435,0.03645713623272239
1436,0.03441070287301455
1437,0.040770588990190836
1438,0.035816234721506
1439,0.0858587501552379
1440,0.04388403073838439
1441,0.6286750777736207
1442,0.7196226085667492
1443,0.41494576532119637
1444,0.6036944155359201
1445,0.08730242388295502
1446,0.5397309603646987
1447,0.11417459444085962
1448,0.01839286029646922
1449,0.027625691923316646
1450,0.056727099848429635
1451,1.8805348958084918
1452,0.19898843809019878
1453,1.191716832637348
1454,0.007727584336181265
1455,0.02616125918139268
1456,0.41394330199786256
1457,0.01770726310393093
1458,0.08039352910152978
1459,0.009453587949430312
1460,0.024938827967417667
1461,0.009352719218916953
1462,0.4407205224569679
1463,0.33805848428342555
1464,0.19111663110053728
1465,0.008281992474307368
1466,0.32600367428738347
1467,0.17028703464035647
1468,0.444053198347465
1469,0.018619924424771974
1470,0.0473839572271064
1471,0.06199165565127725
1472,0.02113952644633036
1473,0.04735679303909393
1474,0.059495347154056334
1475,0.04493518275997707
1476,0.22033380328172059
1477,0.04055269174248791
1478,0.18611105016576732
1479,0.07499526720684495
1480,0.015003878979373645
1481,2.3809956617777015
1482,0.14567536643491397
1483,0.015437502251660587
1484,0.05201341031250628
1485,0.7316693676558039
1486,0.02350255869658122
1487,0.02127193551128636
1488,0.3330812136991322
1489,0.03681389955441448
1490,1.1362419184338537
1491,0.021189341048698424
1492,0.0072351583751023634
1493,0.017888340245451367
1494,1.1380990042274521
1495,0.3015182351175368
1496,0.008223902857985079
1497,0.01584274890819888
1498,0.05930015802051932
1499,0.01820381497422119
1500,0.4395197623497329
1501,0.02868068743677024
1502,0.03276948793812876
1503,0.5231501954165209
1504,0.1954891165295607
1505,0.004898389567984578
1506,0.29477472880933736
1507,0.03444733308408806
1508,0.015938510796250444
1509,0.023692814961619048
1510,1.478990245159383
1511,0.03719811909562164
1512,0.049731369888538775
1513,0.008073051296888638
1514,0.005407993806563284
1515,0.1526853220716999
1516,0.0246098740745355
1517,0.01389485024889414
1518,0.09986876561040539
1519,0.2627335790175744
1520,0.008443706020829242
1521,3.564409314162684
1522,0.017961794937031997
1523,0.1572787581389251
1524,0.016015938884817057
1525,0.00818648011680378
1526,0.007339324954162681
1527,0.016338714881515535
1528,0.14285104803237436
1529,0.018788232937718457
1530,0.015127596977687426
1531,0.04834285367875183
1532,0.25310125763200286
1533,0.1492704424108342
1534,0.2974662465353288
1535,0.008566801458902385
1536,0.29217040153058227
1537,0.18935731477900106
1538,0.05373043557772872
1539,0.02592838946258224
1540,0.015658058315267773
1541,0.03633507370811331
1542,0.01611491528908865
1543,0.03578499147557493
1544,0.029528553132627384
1545,1.0533605619981792
1546,0.008808203906256385
1547,1.6274311307963618
1548,0.03420495612927482
1549,1.9373043227939517
1550,0.040018384485385826
1551,0.06340264025420507
1552,0.006689494078941198
1553,0.07928109676594282
1554,0.008559820943156403
1555,0.23284893008333343
1556,0.01565291316429137
1557,0.013427096803770789
1558,0.003250775212107798
1559,0.08472662517369663
1560,0.024090138493301005
1561,0.04510857645251715
1562,0.6052504118641182
1563,0.025273272472551508
1564,1.4479844531488002
1565,0.008194576990632401
1566,0.018101483859155373
1567,0.05737232373518387
1568,0.6479353354409035
1569,0.013146211105192478
1570,0.5818760629924826
1571,0.024753670615787402
1572,1.5664690423897127
1573,0.005000954301822909
1574,0.007593038516076039
1575,0.014308919746506788
1576,0.016496165682881384
1577,0.10151629024765206
1578,0.008466304774491087
1579,0.06619953732160556
1580,0.008605526165046324
1581,0.036014267310972764
1582,0.15057834334850348
1583,0.7243680208085685
1584,0.10241019337600774
1585,0.009678289966492212
1586,0.02372092608654378
1587,0.6101173394193331
1588,0.02384772159511193
1589,0.47767076360346783
1590,0.02558340391673066
1591,0.016407833443194974
1592,0.005048180507610072
1593,0.7828300065721969
1594,0.017504521464728605
1595,0.015088128551990354
1596,0.024335746686434557
1597,0.017188081115363466
1598,0.03983772967962427
1599,0.37565719504812467
1600,0.04648870549219741
1601,0.07071181064474698
1602,0.0061757428594808135
1603,0.12573754481705499
1604,0.6117896865413355
1605,0.04679520154970128
1606,0.4482497610215798
1607,0.22654763901173283
1608,0.008362672527278195
1609,0.14139007467713688
1610,0.23938610489931883
1611,0.0167036977936023
1612,0.009012644665298905
1613,1.6389213458506569
1614,0.08024703246934865
1615,0.2752319200056842
1616,0.004775530031146213
1617,0.027919456245570903
1618,0.025427934523810956
1619,0.26814504792544824
1620,0.3181307058629037
1621,1.1608212629379127
1622,0.19644828065344225
1623,1.0580048398479296
1624,0.5000201742455136
1625,0.009983128143130172
1626,0.16239002286295068
1627,0.05138297951022789
1628,0.15958243964658822
1629,0.025508037151482064
1630,0.5552954098702291
1631,0.2520859038880553
1632,0.007128675379566938
1633,0.4996024833937607
1634,0.00805490689237589
1635,0.007350213521679565
1636,0.571522241822763
1637,0.008985959480411485
1638,3.858099153824668
1639,0.43791755736336324
1640,3.730618165904217
1641,0.7953243340806019
1642,0.6046468801050924
1643,0.8428517653768727
1644,0.131035721880863
1645,0.11177327428371539
1646,0.007677062501321537
1647,0.2752242644451882
1648,0.0362725285612233
1649,0.01578261214588087
1650,0.06909321019460474
1651,0.04394078442411883
1652,0.008369204865113528
1653,0.27120992286925394
1654,0.03235777930766645
1655,0.01638572747653963
1656,0.05721221463584702
1657,0.6099085984700271
1658,0.05933827424792853
1659,0.03892049767237721
1660,0.42225669581826997
1661,0.22196765837192092
1662,0.3844296177845156
1663,0.00623314454281876
1664,0.1701018748723338
1665,0.043796374401179984
1666,0.025054456105741005
1667,0.06861336329502439
1668,0.5933554080769803
1669,0.14052232982930615
1670,0.007180291523946773
1671,0.40876201634454706
1672,0.02252311232917521
1673,0.05766908305607742
1674,0.19110002778423205
1675,0.05806288271320775
1676,0.04001981376673924
1677,0.008608965948826071
1678,0.9356398688286134
1679,0.018594794472677097
1680,0.8401269743324165
1681,0.023735077151595816
1682,0.6865572356313046
1683,0.01675597230445459
1684,3.6233499246159306
1685,0.02608854301001263
1686,0.015114959405128359
1687,0.08047681702901441
1688,0.024431239401617413
1689,0.016392774418635955
1690,0.6007442754134638
1691,3.151632572836931
1692,0.017031058767823036
1693,0.5718294633739298
1694,0.0402543198482231
1695,0.271442147226055
1696,0.04794785779634527
1697,0.32843722585466706
1698,0.03262841091592718
1699,0.42562364883486253
1700,2.3616141520044667
1701,2.814103706945085
1702,0.035176753777983856
1703,0.11864947752608368
1704,0.964339553068025
1705,0.03483928523287989
1706,3.6719319680661373
1707,0.6100336069798545
1708,0.05108911735749349
1709,0.025577111483714297
1710,0.023979389195937416
1711,0.007331852359393235
1712,0.0975615205581016
1713,0.007893674546272943
1714,0.017536344863866588
1715,0.28827948382271584
1716,0.0151689610560103
1717,1.0317663390747924
1718,0.22312993576982143
1719,0.09825063953301454
1720,0.007257569963110316
1721,0.08080948810729512
1722,0.007855074180407463
1723,0.02449179168874576
1724,0.046242885115003456
1725,0.15540246440346056
1726,0.07728996766803223
1727,2.683383737513778
1728,0.444062898010569
1729,0.29548624594960976
1730,1.309960516641555
1731,0.03494453257490902
1732,0.03419478079241765
1733,0.007102859796638923
1734,0.01778499747596307
1735,0.474894160531487
1736,0.014380885112093768
1737,0.019378889933126277
1738,0.585277920338041
1739,0.0072300359907350835
1740,0.01582663819537828
1741,0.6635293636103561
1742,0.009097118343575374
1743,0.007376383397301681
1744,0.004825873348162618
1745,0.058940017705299254
1746,0.016053007604825965
1747,2.4701619210072154
1748,0.07837259014367402
1749,0.009201753734465542
1750,0.035242530730376434
1751,1.1021584063610628
1752,0.13257460099421062
1753,0.4742283992935455
1754,0.21738916570615832
1755,0.23441276728986102
1756,0.5430161242188917
1757,0.03384747545897864
1758,0.007205009581476179
1759,0.028343666213791325
1760,0.18108094330170002
1761,0.03495278899788818
1762,0.043311251137403785
1763,0.010811380371879203
1764,0.5344010319346006
1765,0.03748074811085602
1766,0.02329184043026663
1767,0.008270123052643526
1768,0.03159156211383406
1769,0.023413384705228076
1770,0.514250500150424
1771,0.00865166352798768
1772,0.024093394101965107
1773,0.003404373604113406
1774,0.033108226055383105
1775,0.8053690482957881
1776,0.030926550031424187
1777,0.025474258715786558
1778,0.654647038926933
1779,0.5240755781909276
1780,0.017306724360308445
1781,0.051824083862856224
1782,0.6391482773904953
1783,0.008796976273294463
1784,0.009099465422373401
1785,0.11161821376150353
1786,0.05740952736959942
1787,0.9664025581789737
1788,0.007170616383978656
1789,0.2004507268933645
1790,0.014910525541574685
1791,0.11035092310689346
1792,0.027187566026353076
1793,0.17915046039618174
1794,0.03599168730907641
1795,0.007547760927044153
1796,0.055917816938988125
1797,0.008423863349671686
1798,0.03839100072202189
1799,0.019105352375819888
1800,0.020039228568054047
1801,0.00908570041604162
1802,3.4208823251868736
1803,0.018699406011865302
1804,0.014419200864119016
1805,0.8007012977279105
1806,0.8576005534744361
1807,0.004976083728140436
1808,0.024734721953094174
1809,0.11409736828177525
1810,0.016931279220752188
1811,0.03886402116610918
1812,0.06716277146154855
1813,0.11386370889786498
1814,0.05791701518437578
1815,0.16095864320997327
1816,0.006820726998165139
1817,0.009688029569504165
1818,0.014839102790945321
1819,0.013234578952585294
1820,0.02276058444590902
1821,0.047970117515436186
1822,0.06226643619672391
1823,0.05068007778288063
1824,0.6882761550944099
1825,0.005175919621658717
1826,0.008037660860277743
1827,0.025192550302465557
1828,0.7745602126986376
1829,0.1262129082683826
1830,0.11653852529664847
1831,0.03724002623923776
1832,0.48154787493137746
1833,0.05268461979296212
1834,0.0364099653481536
1835,0.7201489349964816
1836,0.707623960377086
1837,0.034705347391882635
1838,0.00810071068404045
1839,0.008828731721249717
1840,0.027228222599497594
1841,0.058515459083588316
1842,0.025050108075432433
1843,0.21962999403930197
1844,0.8016484692737127
1845,0.017749381567556274
1846,0.03685033523311404
1847,0.0358104443362899
1848,0.09125162662840168
1849,0.35174454479931905
1850,0.040296871285020866
1851,0.016279063828972023
1852,0.19571360177604116
1853,0.034352238870780975
1854,0.06407046743616744
1855,0.25824661526315684
1856,3.672720723795591
1857,0.09347462230847253
1858,0.046330391556629415
1859,0.04814683869880434
1860,0.04284175228523263
1861,0.007078064605770819
1862,0.015342032181240091
1863,0.802489295151904
1864,0.10574742794974301
1865,0.6286342692874727
1866,0.0223314615019453
1867,0.6288680271848559
1868,0.03498084642457392
1869,0.008007943851755182
1870,0.5345774605108158
1871,0.005399255680902063
1872,0.029474750127383223
1873,3.7031158828012334
1874,0.058942666676767994
1875,0.07855345226699767
1876,1.3394495248069076
1877,0.37422038853666395
1878,0.5036238013307013
1879,0.06233288185681496
1880,0.04514406205144002
1881,0.0158628861855377
1882,0.29588149872750186
1883,0.0082506939931258
1884,0.7642265868386662
1885,0.04491095625388629
1886,0.19889457659042714
1887,0.047863968511118696
1888,2.9172291942184976
1889,0.1177625622805617
1890,0.14675462827249502
1891,0.038216883411721664
1892,0.015576606118183926
1893,0.4964130169940838
1894,0.025658655596375896
1895,0.023500001354514164
1896,0.03566866614020933
1897,0.10788338232863591
1898,0.036254810623495136
1899,0.035108834326552554
1900,0.10451227340632488
1901,0.026032991862754606
1902,0.11778967904649502
1903,0.016712060317273687
1904,0.00846385816337711
1905,0.017951358684506997
1906,0.5083777995571788
1907,0.047098769324759336
1908,0.051403613204605667
1909,0.02694549069200431
1910,0.4923758126096344
1911,3.736080090402016
1912,0.014597860632649323
1913,0.008335167391541071
1914,0.10834571182678307
1915,0.041903667799630055
1916,0.49442551756393954
1917,0.10465853280897688
1918,1.2029099996363912
1919,0.07423508059399754
1920,0.13989545862914798
1921,0.03230943811517503
1922,0.00710983638137146
1923,0.00902170034017084
1924,0.01757820858251572
1925,0.03181214152421862
1926,0.008623044392892779
1927,0.5790290544522165
1928,0.029818569480754873
1929,0.09103675993338822
1930,3.7112709242852824
1931,0.03587912686552844
1932,0.2054858177005968
1933,0.09839316921036549
1934,1.3960256473662562
1935,0.03279715018074055
1936,0.05200822800494638
1937,0.11641463966109104
1938,0.01650809951856547
1939,0.02738793445348478
1940,0.008616935960005994
1941,0.039602223240634574
1942,0.8739368464345798
1943,0.00683795586174789
1944,0.5658072961012081
1945,0.008832741890696622
1946,0.05007750570610897
1947,0.02393370268732325
1948,0.4390095821536814
1949,0.03493555869886944
1950,0.009467192621056561
1951,0.17582913061527292
1952,0.018307322458631592
1953,0.024685350424328626
1954,0.08541855930476806
1955,0.033327497949972064
1956,0.030116646304097574
1957,0.013812309468364163
1958,0.04060813311206095
1959,0.03336753999014554
1960,0.0050621609247799345
1961,0.6449459700591038
1962,0.06853182553467886
1963,0.007375155224108843
1964,0.038815474555878554
1965,0.4366612035911407
1966,0.027879395700280377
1967,0.035968815289040876
1968,0.03751295579848927
1969,0.13719574452338837
1970,0.17099620265635074
1971,0.02260635422162919
1972,0.8811867129074773
1973,0.006416927471704039
1974,3.76953641249132
1975,0.15801258833602294
1976,0.00920518771970571
1977,0.007534706651321649
1978,0.015589159422242978
1979,0.016221778584709624
1980,0.01493679798774495
1981,0.021352685468655486
1982,0.015980241988824907
1983,0.21163339783381954
1984,0.4143243713630705
1985,0.0645128785738418
1986,0.016836949128334992
1987,0.08365425386743998
1988,0.01851804402707377
1989,0.10835040016111676
1990,3.423802033638487
1991,0.052376462322461854
1992,0.17602580742568613
1993,0.007626284051511259
1994,0.013325875345781377
1995,0.018037958764089545
1996,0.14933153590036843
1997,0.022111822238982413
1998,0.07051489401528566
1999,0.02617942748050628
2000,0.7710043091886651
2001,0.9202914206060734
2002,0.8071044078711443
2003,0.006657158841486048
2004,0.13120525977447142
2005,0.9653402409332361
2006,0.39593300451210806
2007,0.015521003593109997
2008,0.6166623569062393
2009,0.026441931130080015
2010,0.38377039071950414
2011,0.034272733692737714
2012,0.3291532193050821
2013,0.0053737127830615974
2014,0.03534628072562668
2015,3.6664877030566965
2016,0.06774179562000024
2017,0.5226588243771068
2018,0.12988035316061225
2019,0.7236491607938917
2020,0.5644125373454284
2021,0.07618998866541243
2022,0.03708576582836907
2023,0.03344031518920333
2024,0.041289607345694604
2025,0.008758726714045838
2026,0.5245222581182281
2027,0.007442887657141379
2028,0.11873335538476447
2029,0.0977490272891786
2030,0.05453141887823684
2031,0.018553953237934684
2032,0.140995191757087
2033,3.635364100836386
2034,0.03463477253438126
2035,0.016320962941393083
2036,0.0172496949216165
2037,0.006725540886887806
2038,0.008274117415869081
2039,0.11061354342359163
2040,0.07697974986769048
2041,0.009610993902588981
2042,0.03425531275895759
2043,0.14597811647357883
2044,0.02279395333725104
2045,0.027459306329659823
2046,0.008367914739494714
2047,0.04616091626540274
2048,0.19644883255736084
2049,0.0072892656682584656
2050,0.1320426853690562
2051,0.008191509835681421
2052,0.007823098505793012
2053,0.21611127238734856
2054,0.038466586822748616
2055,0.015307551390388795
2056,0.3198993398770159
2057,0.003537441180933281
2058,0.004121966604325175
2059,0.017389446309618046
2060,0.028013865801982056
2061,0.0051122904995375825
2062,0.0062873062651864695
2063,0.039414726286936264
2064,0.0048549606408747475
2065,0.007938298137089954
2066,1.0565883390893005
2067,0.015933593393072477
2068,0.007796221442265871
2069,0.024215084913042403
2070,1.1484247063504478
2071,0.030103333665116163
2072,0.09220922953783378
2073,0.007118219615509551
2074,0.06795056652068421
2075,0.6159956994651988
2076,0.005595199238060061
2077,0.015202310720878163
2078,0.02397265188491605
2079,0.30880633188064355
2080,0.08388500554308657
2081,0.13508174985146543
2082,0.04377218958927544
2083,0.3373099448273184
2084,0.007559107795513266
2085,0.05376948150416152
2086,0.08190418814699495
2087,0.06858528853119052
2088,0.4922350788643056
2089,0.06671538529492672
2090,0.007006813679370542
2091,0.4234003460059705
2092,0.03437555186165876
2093,0.015836034560406137
2094,0.3008950590441831
2095,0.7173203894366257
2096,0.03037958307444121
2097,0.5686170637845048
2098,0.026290782646372142
2099,0.005022839643881714
2100,0.05352345031961545
2101,0.09975229459277575
2102,1.25582587484648
2103,0.08736212479915574
2104,0.018273583454241005
2105,0.08544200676762971
2106,0.01596129748658218
2107,0.015499316567222383
2108,0.0056127446629363935
2109,0.015123036166183067
2110,0.028997819392082666
2111,1.099409533425797
2112,0.00940391614494525
2113,0.008789299365223937
2114,0.0895674901429865
2115,0.9314904562597773
2116,1.6622092942885693
2117,0.015616057814899147
2118,0.7396638710389216
2119,0.05276553616959269
2120,0.8624007993774754
2121,0.007049571424940572
2122,0.007771472392854187
2123,0.006433000785637412
2124,0.01454310933464677
2125,0.01865731682586427
2126,0.027321006019511894
2127,3.1448896415445433
2128,0.028266182315107958
2129,0.07156243445030913
2130,0.16199995766530792
2131,0.015078150630900743
2132,0.011150351883646058
2133,0.020387968795399215
2134,0.007651049530996036
2135,0.15894674287896846
2136,0.01785713472823622
2137,0.017619857835573044
2138,0.5282929170273171
2139,0.08820119030330081
2140,0.09299980770883794
2141,0.5974965207209013
2142,0.02657715345134712
2143,0.14226756712325303
2144,0.007147984123732186
2145,0.017093804127899712
2146,2.2666328993096974
2147,0.007118538088226427
2148,0.11498082491967464
2149,0.02899089140051311
2150,0.06890932548845022
2151,0.14221854738249362
2152,0.03655856473628685
2153,0.09808814438875849
2154,0.008946564808939574
2155,0.045774507906006526
2156,0.014203660002146814
2157,0.031239463658675054
2158,0.01447462309884239
2159,0.024214403030738452
2160,0.026310434072340374
2161,0.014892126396116947
2162,0.01602771050206563
2163,0.015414637939534442
2164,0.2934254300743086
2165,0.007303719455850969
2166,0.007984871053682613
2167,0.02477810493508213
2168,0.05703541854342606
2169,0.013493410590051795
2170,0.008722818123317842
2171,0.029300050682366012
2172,0.04586382187906916
2173,0.04505494027581816
2174,0.9340531549972179
2175,0.0076679021519859445
2176,0.025535453274664638
2177,0.007442391699162739
2178,0.04053951249051564
2179,0.00418568923881234
2180,0.007312207114404673
2181,0.025126865981261595
2182,0.22271926294214733
2183,0.015109675089985392
2184,0.03468742811569781
2185,0.14732914328984598
2186,0.0075595770261378545
2187,0.08929072656145667
2188,0.015064429301572696
2189,0.008184879941148795
2190,0.07175396125534077
2191,0.22892520013276657
2192,0.013805252105249561
2193,0.026276871021216803
2194,0.13851294966099403
2195,0.005897784094224363
2196,0.004406310718120561
2197,0.07227760773341484
2198,0.048140989682741
2199,0.02238849677497338
2200,0.6296726659932886
2201,0.10921795118795018
2202,0.04665500145133247
2203,0.018988894392854783
2204,0.04327852458649067
2205,0.008019231365486202
2206,0.24539821798223285
2207,0.1198453565860028
2208,0.01641035867395349
2209,3.7441114726171074
2210,0.014396980058245907
2211,0.00944291124610867
2212,0.8271793993241194
2213,0.12458438013042683
2214,0.11486160060131417
2215,0.09063711018051071
2216,0.14085384716531293
2217,0.01391252844537708
2218,0.007882691474434603
2219,0.018697488738375283
2220,0.6520317360536954
2221,0.008256579904124884
2222,0.13966705258493792
2223,0.04081925183469296
2224,0.042417637279359245
2225,0.008937312970468157
2226,0.01485390114106645
2227,0.6483884312875993
2228,0.027948653473606675
2229,0.16357509180191732
2230,0.06665782030912287
2231,0.01490466484814727
2232,3.5737070115146405
2233,1.0324215916216357
2234,0.11823972067922545
2235,0.39093667706863916
2236,0.005775082032654943
2237,0.018037064060794347
2238,0.03694940009102136
2239,0.008481922098103077
2240,0.017113034306237444
2241,0.017356412211139784
2242,0.047876272459681984
2243,0.008710694437957063
2244,0.20368885596845648
2245,2.6648741100767417
2246,0.634017836193271
2247,0.09981426825966455
2248,0.00817867933609762
2249,0.10184314699329937
2250,0.10854362870125953
2251,0.08802343735876964
2252,0.08578869539378985
2253,0.005060432041409364
2254,0.7340101719764586
2255,0.06488380579193678
2256,0.4804420163837039
2257,0.08093918574179759
2258,0.004369570347833535
2259,0.028884992476783576
2260,0.024647763817466514
2261,0.29646764444964524
2262,0.06090946333780545
2263,0.3917062929617221
2264,0.11508108507344368
2265,0.5066817899247616
2266,0.028631295190974983
2267,0.11865280452971576
2268,0.9298095369892954
2269,1.489793784690387
2270,0.08118801287499103
2271,0.132508195562212
2272,0.042690501649384975
2273,1.011973617164074
2274,0.04525786444309679
2275,0.04364808026343758
2276,0.12237905012128765
2277,0.49209088535009093
2278,0.04952825663311117
2279,0.6781921167499578
2280,0.016276451339236067
2281,0.036108703465125826
2282,1.0784105889131346
2283,0.007783885667527737
2284,1.2685989544077434
2285,0.7988479080088833
2286,0.008511283852716472
2287,0.04490169144057949
2288,0.025011672085612887
2289,0.0413832584090742
2290,0.06539435500158498
2291,0.9114831295861954
2292,0.19491643301160616
2293,0.025261421311422724
2294,0.7662746791397756
2295,0.039944827295275515
2296,1.1057631893290076
2297,0.060035777747150756
2298,0.10616682044071461
2299,0.543824110896175
2300,1.5414941728370342
2301,0.016912296265091376
2302,0.07294009453006797
2303,1.9754083129244235
2304,0.321263734875207
2305,0.11471622969683976
2306,3.6058426302122966
2307,0.20565312456149695
2308,0.08391612078477954
2309,0.00866901176806359
2310,0.015278375437455622
2311,0.4524705875001698
2312,0.0367602060544094
2313,0.03241859187149373
2314,0.10807459171588286
2315,0.053784785357837685
2316,0.027811017875118447
2317,0.6150487333343772
2318,0.29107725833474246
2319,0.11663674405215815
2320,0.9735634351950018
2321,0.06748747227267177
2322,0.017674141714973467
2323,0.46178097907606075
2324,0.07479170888524196
2325,0.5056975997515969
2326,0.02478177352998276
2327,0.0914961442924864
2328,0.06022197625391733
2329,3.591710007512933
2330,1.3796934224776856
2331,0.007511035860434648
2332,0.07543423087311012
2333,0.07124600571639253
2334,0.14182247184327143
2335,0.15162892882654266
2336,0.45384707286447395
2337,0.16938996215436108
2338,0.5741339686353621
2339,0.1332965610615249
2340,0.5068385506991233
2341,1.9379064739194227
2342,0.2897018957862324
2343,0.2190594685658885
2344,1.4811617007566618
2345,1.7161821719557802
2346,0.014860649675131135
2347,0.5055241796079991
2348,0.07932335919243753
2349,2.3056125593267716
2350,0.016977375516726657
2351,0.024156591759666373
2352,0.2682305550899623
2353,0.6366655924814137
2354,1.5200754184979606
2355,0.35274691152584664
2356,0.02415699533842354
