,parallax
0,1.4492753623188404
1,1.4492753623188404
2,1.4492753623188404
3,1.4492753623188404
4,1.4492753623188404
5,1.4492753623188404
6,1.4492753623188404
7,1.4492753623188404
8,1.4492753623188404
9,1.4492753623188404
10,1.4492753623188404
11,1.4492753623188404
12,1.4492753623188404
13,1.4492753623188404
14,1.408450704225352
15,1.408450704225352
16,1.408450704225352
17,1.408450704225352
18,1.408450704225352
19,1.408450704225352
20,1.408450704225352
21,1.408450704225352
22,1.36986301369863
23,1.36986301369863
24,1.36986301369863
25,1.36986301369863
26,1.36986301369863
27,1.36986301369863
28,1.36986301369863
29,1.333333333333333
30,1.333333333333333
31,1.333333333333333
32,1.333333333333333
33,1.333333333333333
34,1.2987012987012985
35,1.2987012987012985
36,1.2987012987012985
37,1.2987012987012985
38,1.2987012987012985
39,1.2658227848101264
40,1.2658227848101264
41,1.2658227848101264
42,1.2658227848101264
43,1.2658227848101264
44,1.2658227848101264
45,1.2658227848101264
46,1.2658227848101264
47,1.2658227848101264
48,1.2658227848101264
49,1.2658227848101264
50,1.2658227848101264
51,1.2658227848101264
52,1.2345679012345678
53,1.2345679012345678
54,1.2345679012345678
55,1.2345679012345678
56,1.2345679012345678
57,1.2345679012345678
58,1.2345679012345678
59,1.2345679012345678
60,1.2048192771084336
61,1.2048192771084336
62,1.2048192771084336
63,1.2048192771084336
64,1.2048192771084336
65,1.2048192771084336
66,1.2048192771084336
67,1.2048192771084336
68,1.2048192771084336
69,1.176470588235294
70,1.176470588235294
71,1.176470588235294
72,1.176470588235294
73,1.176470588235294
74,1.176470588235294
75,1.176470588235294
76,1.176470588235294
77,1.1494252873563218
78,1.1494252873563218
79,1.1494252873563218
80,1.1494252873563218
81,1.1494252873563218
82,1.1494252873563218
83,1.1494252873563218
84,1.1494252873563218
85,1.1494252873563218
86,1.1494252873563218
87,1.1494252873563218
88,1.1494252873563218
89,1.1494252873563218
90,1.1494252873563218
91,1.1494252873563218
92,1.1494252873563218
93,1.1494252873563218
94,1.1494252873563218
95,1.1235955056179776
96,1.1235955056179776
97,1.1235955056179776
98,1.1235955056179776
99,1.1235955056179776
100,1.1235955056179776
101,1.1235955056179776
102,1.1235955056179776
103,1.1235955056179776
104,1.1235955056179776
105,1.1235955056179776
106,1.1235955056179776
107,1.1235955056179776
108,1.0989010989010988
109,1.0989010989010988
110,1.0989010989010988
111,1.0989010989010988
112,1.0989010989010988
113,1.0989010989010988
114,1.0989010989010988
115,1.075268817204301
116,1.075268817204301
117,1.075268817204301
118,1.075268817204301
119,1.075268817204301
120,1.075268817204301
121,1.075268817204301
122,1.0526315789473684
123,1.0526315789473684
124,1.0526315789473684
125,1.0526315789473684
126,1.0526315789473684
127,1.0526315789473684
128,1.0526315789473684
129,1.0526315789473684
130,1.0309278350515463
131,1.0309278350515463
132,1.0309278350515463
133,1.0309278350515463
134,1.01010101010101
135,1.01010101010101
136,1.01010101010101
137,1.01010101010101
138,1.01010101010101
139,1.01010101010101
140,1.01010101010101
141,1.01010101010101
142,1.01010101010101
143,1.01010101010101
144,1.01010101010101
145,1.01010101010101
146,1.01010101010101
147,1.01010101010101
148,1.01010101010101
149,0.99009900990099
150,0.99009900990099
151,0.99009900990099
152,0.99009900990099
153,0.99009900990099
154,0.99009900990099
155,0.99009900990099
156,0.99009900990099
157,0.99009900990099
158,0.99009900990099
159,0.99009900990099
160,0.99009900990099
161,0.99009900990099
162,0.99009900990099
163,0.99009900990099
164,0.99009900990099
165,0.99009900990099
166,0.99009900990099
167,0.9708737864077669
168,0.9708737864077669
169,0.9708737864077669
170,0.9708737864077669
171,0.9708737864077669
172,0.9708737864077669
173,0.9708737864077669
174,0.9708737864077669
175,0.9708737864077669
176,0.9708737864077669
177,0.9708737864077669
178,0.9523809523809522
179,0.9523809523809522
180,0.9523809523809522
181,0.9523809523809522
182,0.9523809523809522
183,0.9523809523809522
184,0.9523809523809522
185,0.9523809523809522
186,0.9523809523809522
187,0.9523809523809522
188,0.9523809523809522
189,0.9523809523809522
190,0.9523809523809522
191,0.9345794392523363
192,0.9345794392523363
193,0.9345794392523363
194,0.9345794392523363
195,0.9345794392523363
196,0.9345794392523363
197,0.9345794392523363
198,0.9345794392523363
199,0.9345794392523363
200,0.9345794392523363
201,0.9345794392523363
202,0.9345794392523363
203,0.9174311926605504
204,0.9174311926605504
205,0.9174311926605504
206,0.9174311926605504
207,0.9174311926605504
208,0.9174311926605504
209,0.9174311926605504
210,0.9174311926605504
211,0.9174311926605504
212,0.9174311926605504
213,0.9174311926605504
214,0.9009009009009008
215,0.9009009009009008
216,0.9009009009009008
217,0.9009009009009008
218,0.9009009009009008
219,0.9009009009009008
220,0.9009009009009008
221,0.9009009009009008
222,0.9009009009009008
223,0.9009009009009008
224,0.9009009009009008
225,0.9009009009009008
226,0.9009009009009008
227,0.9009009009009008
228,0.9009009009009008
229,0.9009009009009008
230,0.8849557522123893
231,0.8849557522123893
232,0.8849557522123893
233,0.8849557522123893
234,0.8849557522123893
235,0.8849557522123893
236,0.8849557522123893
237,0.8849557522123893
238,0.8849557522123893
239,0.8849557522123893
240,0.8849557522123893
241,0.8849557522123893
242,0.8849557522123893
243,0.8849557522123893
244,0.8849557522123893
245,0.8695652173913043
246,0.8695652173913043
247,0.8695652173913043
248,0.8695652173913043
249,0.8695652173913043
250,0.8695652173913043
251,0.8695652173913043
252,0.8547008547008546
253,0.8547008547008546
254,0.8547008547008546
255,0.8547008547008546
256,0.8547008547008546
257,0.8547008547008546
258,0.8547008547008546
259,0.8547008547008546
260,0.8547008547008546
261,0.8547008547008546
262,0.8547008547008546
263,0.8403361344537814
264,0.8403361344537814
265,0.8403361344537814
266,0.8403361344537814
267,0.8403361344537814
268,0.8403361344537814
269,0.8403361344537814
270,0.8403361344537814
271,0.8403361344537814
272,0.8403361344537814
273,0.8403361344537814
274,0.8403361344537814
275,0.8264462809917354
276,0.8264462809917354
277,0.8264462809917354
278,0.8264462809917354
279,0.8264462809917354
280,0.8264462809917354
281,0.8264462809917354
282,0.8264462809917354
283,0.8264462809917354
284,0.8264462809917354
285,0.8264462809917354
286,0.8264462809917354
287,0.8264462809917354
288,0.8264462809917354
289,0.8130081300813007
290,0.8130081300813007
291,0.8130081300813007
292,0.8130081300813007
293,0.8130081300813007
294,0.8130081300813007
295,0.8130081300813007
296,0.8130081300813007
297,0.7999999999999999
298,0.7999999999999999
299,0.7999999999999999
300,0.7999999999999999
301,0.7999999999999999
302,0.7999999999999999
303,0.7999999999999999
304,0.7999999999999999
305,0.7999999999999999
306,0.7999999999999999
307,0.7999999999999999
308,0.7999999999999999
309,0.7999999999999999
310,0.7999999999999999
311,0.7874015748031495
312,0.7874015748031495
313,0.7874015748031495
314,0.7874015748031495
315,0.7874015748031495
316,0.7874015748031495
317,0.7751937984496123
318,0.7751937984496123
319,0.7751937984496123
320,0.7751937984496123
321,0.7751937984496123
322,0.7751937984496123
323,0.7633587786259541
324,0.7633587786259541
325,0.7633587786259541
326,0.7633587786259541
327,0.7633587786259541
328,0.7633587786259541
329,0.7633587786259541
330,0.7633587786259541
331,0.7633587786259541
332,0.7518796992481203
333,0.7518796992481203
334,0.7518796992481203
335,0.7518796992481203
336,0.7518796992481203
337,0.7518796992481203
338,0.7518796992481203
339,0.7518796992481203
340,0.7518796992481203
341,0.7518796992481203
342,0.7407407407407406
343,0.7407407407407406
344,0.7407407407407406
345,0.7407407407407406
346,0.7407407407407406
347,0.7407407407407406
348,0.7407407407407406
349,0.7407407407407406
350,0.72992700729927
351,0.72992700729927
352,0.72992700729927
353,0.7194244604316546
354,0.7194244604316546
355,0.7194244604316546
356,0.7194244604316546
357,0.7194244604316546
358,0.7194244604316546
359,0.7194244604316546
360,0.7194244604316546
361,0.7194244604316546
362,0.7194244604316546
363,0.7194244604316546
364,0.7194244604316546
365,0.7194244604316546
366,0.7194244604316546
367,0.7092198581560283
368,0.7092198581560283
369,0.7092198581560283
370,0.7092198581560283
371,0.7092198581560283
372,0.7092198581560283
373,0.7092198581560283
374,0.7092198581560283
375,0.6993006993006993
376,0.6993006993006993
377,0.6993006993006993
378,0.6993006993006993
379,0.6993006993006993
380,0.6993006993006993
381,0.6896551724137929
382,0.6896551724137929
383,0.6896551724137929
384,0.6896551724137929
385,0.6896551724137929
386,0.6896551724137929
387,0.6896551724137929
388,0.6896551724137929
389,0.6896551724137929
390,0.6896551724137929
391,0.6896551724137929
392,0.6802721088435373
393,0.6802721088435373
394,0.6802721088435373
395,0.6802721088435373
396,0.6802721088435373
397,0.6802721088435373
398,0.6802721088435373
399,0.6802721088435373
400,0.6802721088435373
401,0.6802721088435373
402,0.6802721088435373
403,0.6802721088435373
404,0.6802721088435373
405,0.6802721088435373
406,0.6802721088435373
407,0.6711409395973154
408,0.6711409395973154
409,0.6711409395973154
410,0.6711409395973154
411,0.6711409395973154
412,0.662251655629139
413,0.662251655629139
414,0.662251655629139
415,0.662251655629139
416,0.662251655629139
417,0.662251655629139
418,0.662251655629139
419,0.662251655629139
420,0.662251655629139
421,0.662251655629139
422,0.65359477124183
423,0.65359477124183
424,0.65359477124183
425,0.65359477124183
426,0.65359477124183
427,0.65359477124183
428,0.65359477124183
429,0.65359477124183
430,0.6451612903225805
431,0.6451612903225805
432,0.6451612903225805
433,0.6451612903225805
434,0.6451612903225805
435,0.6451612903225805
436,0.6451612903225805
437,0.6451612903225805
438,0.6451612903225805
439,0.6451612903225805
440,0.6369426751592355
441,0.6369426751592355
442,0.6369426751592355
443,0.6369426751592355
444,0.6369426751592355
445,0.6369426751592355
446,0.6369426751592355
447,0.6289308176100628
448,0.6289308176100628
449,0.6289308176100628
450,0.6289308176100628
451,0.6289308176100628
452,0.6289308176100628
453,0.6289308176100628
454,0.6289308176100628
455,0.6289308176100628
456,0.6289308176100628
457,0.6211180124223602
458,0.6211180124223602
459,0.6211180124223602
460,0.6211180124223602
461,0.6211180124223602
462,0.6211180124223602
463,0.6211180124223602
464,0.6134969325153374
465,0.6134969325153374
466,0.6134969325153374
467,0.6134969325153374
468,0.6134969325153374
469,0.6134969325153374
470,0.606060606060606
471,0.606060606060606
472,0.606060606060606
473,0.606060606060606
474,0.606060606060606
475,0.606060606060606
476,0.606060606060606
477,0.606060606060606
478,0.606060606060606
479,0.606060606060606
480,0.5988023952095808
481,0.5988023952095808
482,0.5988023952095808
483,0.5988023952095808
484,0.5988023952095808
485,0.5988023952095808
486,0.5988023952095808
487,0.5917159763313609
488,0.5917159763313609
489,0.5917159763313609
490,0.5917159763313609
491,0.5917159763313609
492,0.5917159763313609
493,0.5917159763313609
494,0.5917159763313609
495,0.5917159763313609
496,0.5847953216374269
497,0.5847953216374269
498,0.5847953216374269
499,0.5847953216374269
500,0.5847953216374269
501,0.5847953216374269
502,0.5847953216374269
503,0.5847953216374269
504,0.5847953216374269
505,0.5847953216374269
506,0.5847953216374269
507,0.5847953216374269
508,0.5847953216374269
509,0.5780346820809248
510,0.5780346820809248
511,0.5780346820809248
512,0.5780346820809248
513,0.5780346820809248
514,0.5780346820809248
515,0.5780346820809248
516,0.5780346820809248
517,0.5780346820809248
518,0.5780346820809248
519,0.5780346820809248
520,0.5780346820809248
521,0.5780346820809248
522,0.5714285714285714
523,0.5714285714285714
524,0.5714285714285714
525,0.5714285714285714
526,0.5714285714285714
527,0.5714285714285714
528,0.5714285714285714
529,0.5714285714285714
530,0.5714285714285714
531,0.5649717514124293
532,0.5649717514124293
533,0.5649717514124293
534,0.5649717514124293
535,0.5649717514124293
536,0.5649717514124293
537,0.5649717514124293
538,0.5649717514124293
539,0.5649717514124293
540,0.5649717514124293
541,0.5649717514124293
542,0.5586592178770948
543,0.5586592178770948
544,0.5586592178770948
545,0.5586592178770948
546,0.5586592178770948
547,0.5586592178770948
548,0.5524861878453039
549,0.5524861878453039
550,0.5464480874316939
551,0.5464480874316939
552,0.5464480874316939
553,0.5464480874316939
554,0.5464480874316939
555,0.5464480874316939
556,0.5464480874316939
557,0.5464480874316939
558,0.5464480874316939
559,0.5464480874316939
560,0.5464480874316939
561,0.5464480874316939
562,0.5464480874316939
563,0.5405405405405405
564,0.5405405405405405
565,0.5405405405405405
566,0.5405405405405405
567,0.5405405405405405
568,0.5405405405405405
569,0.5405405405405405
570,0.5405405405405405
571,0.5405405405405405
572,0.53475935828877
573,0.53475935828877
574,0.53475935828877
575,0.53475935828877
576,0.53475935828877
577,0.53475935828877
578,0.53475935828877
579,0.53475935828877
580,0.53475935828877
581,0.53475935828877
582,0.53475935828877
583,0.53475935828877
584,0.53475935828877
585,0.5291005291005291
586,0.5291005291005291
587,0.5291005291005291
588,0.5291005291005291
589,0.5291005291005291
590,0.5291005291005291
591,0.5291005291005291
592,0.5291005291005291
593,0.5291005291005291
594,0.5291005291005291
595,0.5291005291005291
596,0.5291005291005291
597,0.5291005291005291
598,0.5291005291005291
599,0.5291005291005291
600,0.5291005291005291
601,0.5291005291005291
602,0.5291005291005291
603,0.5291005291005291
604,0.5235602094240838
605,0.5235602094240838
606,0.5235602094240838
607,0.5235602094240838
608,0.5235602094240838
609,0.5235602094240838
610,0.5235602094240838
611,0.5181347150259067
612,0.5181347150259067
613,0.5181347150259067
614,0.5181347150259067
615,0.5181347150259067
616,0.5181347150259067
617,0.5181347150259067
618,0.5181347150259067
619,0.5128205128205128
620,0.5128205128205128
621,0.5128205128205128
622,0.5128205128205128
623,0.5128205128205128
624,0.5128205128205128
625,0.5076142131979695
626,0.5076142131979695
627,0.5076142131979695
628,0.5076142131979695
629,0.5076142131979695
630,0.5076142131979695
631,0.5076142131979695
632,0.5025125628140703
633,0.5025125628140703
634,0.5025125628140703
635,0.5025125628140703
636,0.4975124378109453
637,0.4975124378109453
638,0.4975124378109453
639,0.4975124378109453
640,0.49261083743842365
641,0.49261083743842365
642,0.49261083743842365
643,0.49261083743842365
644,0.49261083743842365
645,0.49261083743842365
646,0.49261083743842365
647,0.4878048780487804
648,0.4878048780487804
649,0.4878048780487804
650,0.4878048780487804
651,0.4878048780487804
652,0.4878048780487804
653,0.4878048780487804
654,0.4878048780487804
655,0.4878048780487804
656,0.48309178743961345
657,0.48309178743961345
658,0.48309178743961345
659,0.47846889952153104
660,0.47846889952153104
661,0.47846889952153104
662,0.47846889952153104
663,0.47846889952153104
664,0.4739336492890995
665,0.4739336492890995
666,0.4739336492890995
667,0.4739336492890995
668,0.4694835680751173
669,0.4694835680751173
670,0.4694835680751173
671,0.4694835680751173
672,0.4694835680751173
673,0.4694835680751173
674,0.4694835680751173
675,0.46511627906976744
676,0.46511627906976744
677,0.46511627906976744
678,0.46511627906976744
679,0.46511627906976744
680,0.46511627906976744
681,0.46511627906976744
682,0.46511627906976744
683,0.46511627906976744
684,0.46082949308755755
685,0.46082949308755755
686,0.46082949308755755
687,0.46082949308755755
688,0.46082949308755755
689,0.46082949308755755
690,0.46082949308755755
691,0.46082949308755755
692,0.46082949308755755
693,0.45662100456620996
694,0.45662100456620996
695,0.45662100456620996
696,0.45662100456620996
697,0.45662100456620996
698,0.45662100456620996
699,0.45662100456620996
700,0.45662100456620996
701,0.45662100456620996
702,0.45662100456620996
703,0.45662100456620996
704,0.45662100456620996
705,0.45662100456620996
706,0.4524886877828054
707,0.4524886877828054
708,0.44843049327354256
709,0.44843049327354256
710,0.44843049327354256
711,0.44843049327354256
712,0.44843049327354256
713,0.4444444444444444
714,0.4444444444444444
715,0.4444444444444444
716,0.4444444444444444
717,0.4444444444444444
718,0.4444444444444444
719,0.4444444444444444
720,0.4444444444444444
721,0.4444444444444444
722,0.4444444444444444
723,0.44052863436123346
724,0.44052863436123346
725,0.44052863436123346
726,0.44052863436123346
727,0.43668122270742354
728,0.43668122270742354
729,0.43668122270742354
730,0.43668122270742354
731,0.43668122270742354
732,0.43668122270742354
733,0.43290043290043284
734,0.43290043290043284
735,0.43290043290043284
736,0.43290043290043284
737,0.43290043290043284
738,0.4291845493562231
739,0.4291845493562231
740,0.4291845493562231
741,0.4291845493562231
742,0.4291845493562231
743,0.42553191489361697
744,0.42553191489361697
745,0.42553191489361697
746,0.42553191489361697
747,0.42553191489361697
748,0.42553191489361697
749,0.42553191489361697
750,0.42553191489361697
751,0.42553191489361697
752,0.42194092827004215
753,0.42194092827004215
754,0.42194092827004215
755,0.42194092827004215
756,0.4184100418410041
757,0.4184100418410041
758,0.4184100418410041
759,0.4184100418410041
760,0.41493775933609955
761,0.41493775933609955
762,0.41493775933609955
763,0.41493775933609955
764,0.41493775933609955
765,0.41493775933609955
766,0.41493775933609955
767,0.4115226337448559
768,0.4115226337448559
769,0.4115226337448559
770,0.4115226337448559
771,0.4115226337448559
772,0.4115226337448559
773,0.4115226337448559
774,0.4081632653061224
775,0.4081632653061224
776,0.4081632653061224
777,0.4081632653061224
778,0.4081632653061224
779,0.4081632653061224
780,0.40485829959514164
781,0.40485829959514164
782,0.40485829959514164
783,0.40485829959514164
784,0.40485829959514164
785,0.40485829959514164
786,0.40485829959514164
787,0.40485829959514164
788,0.40485829959514164
789,0.40485829959514164
790,0.40485829959514164
791,0.40160642570281124
792,0.40160642570281124
793,0.40160642570281124
794,0.40160642570281124
795,0.40160642570281124
796,0.40160642570281124
797,0.40160642570281124
798,0.40160642570281124
799,0.40160642570281124
800,0.398406374501992
801,0.398406374501992
802,0.398406374501992
803,0.398406374501992
804,0.398406374501992
805,0.39525691699604737
806,0.39525691699604737
807,0.392156862745098
808,0.392156862745098
809,0.392156862745098
810,0.392156862745098
811,0.392156862745098
812,0.392156862745098
813,0.392156862745098
814,0.38910505836575876
815,0.38910505836575876
816,0.38910505836575876
817,0.38910505836575876
818,0.38910505836575876
819,0.38910505836575876
820,0.38910505836575876
821,0.38910505836575876
822,0.38610038610038605
823,0.38610038610038605
824,0.38610038610038605
825,0.38610038610038605
826,0.38314176245210724
827,0.38314176245210724
828,0.38314176245210724
829,0.38314176245210724
830,0.38314176245210724
831,0.38314176245210724
832,0.38314176245210724
833,0.3802281368821292
834,0.3802281368821292
835,0.3802281368821292
836,0.3802281368821292
837,0.3802281368821292
838,0.3802281368821292
839,0.3802281368821292
840,0.3802281368821292
841,0.3802281368821292
842,0.3802281368821292
843,0.3802281368821292
844,0.37735849056603765
845,0.37735849056603765
846,0.37735849056603765
847,0.37735849056603765
848,0.37735849056603765
849,0.37735849056603765
850,0.3745318352059925
851,0.3745318352059925
852,0.3745318352059925
853,0.3745318352059925
854,0.3745318352059925
855,0.37174721189591076
856,0.37174721189591076
857,0.37174721189591076
858,0.3690036900369003
859,0.3690036900369003
860,0.3690036900369003
861,0.3690036900369003
862,0.3690036900369003
863,0.3690036900369003
864,0.3690036900369003
865,0.3690036900369003
866,0.3663003663003663
867,0.3663003663003663
868,0.3663003663003663
869,0.3636363636363636
870,0.3636363636363636
871,0.3636363636363636
872,0.3636363636363636
873,0.3636363636363636
874,0.3636363636363636
875,0.3636363636363636
876,0.36101083032490966
877,0.36101083032490966
878,0.36101083032490966
879,0.36101083032490966
880,0.36101083032490966
881,0.36101083032490966
882,0.3584229390681003
883,0.3584229390681003
884,0.3584229390681003
885,0.3584229390681003
886,0.3584229390681003
887,0.3584229390681003
888,0.3584229390681003
889,0.3584229390681003
890,0.3558718861209964
891,0.3558718861209964
892,0.3558718861209964
893,0.3533568904593639
894,0.3533568904593639
895,0.35087719298245607
896,0.35087719298245607
897,0.3484320557491289
898,0.3484320557491289
899,0.3484320557491289
900,0.3484320557491289
901,0.3484320557491289
902,0.3484320557491289
903,0.3460207612456747
904,0.3460207612456747
905,0.3460207612456747
906,0.3460207612456747
907,0.3460207612456747
908,0.3436426116838488
909,0.3436426116838488
910,0.341296928327645
911,0.341296928327645
912,0.341296928327645
913,0.341296928327645
914,0.341296928327645
915,0.3389830508474576
916,0.3389830508474576
917,0.3389830508474576
918,0.3389830508474576
919,0.33670033670033667
920,0.33670033670033667
921,0.33670033670033667
922,0.33670033670033667
923,0.33670033670033667
924,0.334448160535117
925,0.334448160535117
926,0.334448160535117
927,0.334448160535117
928,0.334448160535117
929,0.334448160535117
930,0.334448160535117
931,0.334448160535117
932,0.334448160535117
933,0.334448160535117
934,0.334448160535117
935,0.3322259136212624
936,0.3322259136212624
937,0.3322259136212624
938,0.3322259136212624
939,0.3322259136212624
940,0.33003300330033
941,0.33003300330033
942,0.33003300330033
943,0.33003300330033
944,0.32786885245901637
945,0.32786885245901637
946,0.32786885245901637
947,0.3257328990228013
948,0.3257328990228013
949,0.3257328990228013
950,0.3257328990228013
951,0.3257328990228013
952,0.3257328990228013
953,0.3257328990228013
954,0.32362459546925565
955,0.32362459546925565
956,0.32362459546925565
957,0.32154340836012857
958,0.32154340836012857
959,0.32154340836012857
960,0.3194888178913738
961,0.3194888178913738
962,0.3194888178913738
963,0.3194888178913738
964,0.3194888178913738
965,0.31746031746031744
966,0.31746031746031744
967,0.31746031746031744
968,0.31746031746031744
969,0.31746031746031744
970,0.31545741324921134
971,0.31545741324921134
972,0.3134796238244514
973,0.3134796238244514
974,0.3134796238244514
975,0.3134796238244514
976,0.3134796238244514
977,0.3134796238244514
978,0.3134796238244514
979,0.3134796238244514
980,0.3134796238244514
981,0.3115264797507788
982,0.3115264797507788
983,0.3115264797507788
984,0.3095975232198142
985,0.30581039755351674
986,0.30581039755351674
987,0.30581039755351674
988,0.30581039755351674
989,0.303951367781155
990,0.303951367781155
991,0.303951367781155
992,0.3021148036253776
993,0.3021148036253776
994,0.3021148036253776
995,0.3021148036253776
996,0.3021148036253776
997,0.30030030030030025
998,0.30030030030030025
999,0.30030030030030025
1000,0.29850746268656714
1001,0.29673590504451036
1002,0.29673590504451036
1003,0.29673590504451036
1004,0.29498525073746307
1005,0.29498525073746307
1006,0.29325513196480935
1007,0.29325513196480935
1008,0.29154518950437314
1009,0.29154518950437314
1010,0.29154518950437314
1011,0.29154518950437314
1012,0.29154518950437314
1013,0.29154518950437314
1014,0.2881844380403458
1015,0.2881844380403458
1016,0.2881844380403458
1017,0.2881844380403458
1018,0.2881844380403458
1019,0.2881844380403458
1020,0.2865329512893982
1021,0.28490028490028485
1022,0.28490028490028485
1023,0.2832861189801699
1024,0.2832861189801699
1025,0.2816901408450704
1026,0.2816901408450704
1027,0.2816901408450704
1028,0.2801120448179271
1029,0.2801120448179271
1030,0.2801120448179271
1031,0.2801120448179271
1032,0.2801120448179271
1033,0.27855153203342614
1034,0.27855153203342614
1035,0.27700831024930744
1036,0.27700831024930744
1037,0.2754820936639118
1038,0.2754820936639118
1039,0.2754820936639118
1040,0.27397260273972596
1041,0.27397260273972596
1042,0.2724795640326975
1043,0.2724795640326975
1044,0.2724795640326975
1045,0.27100271002710025
1046,0.2680965147453083
1047,0.2680965147453083
1048,0.26666666666666666
1049,0.26666666666666666
1050,0.2652519893899204
1051,0.2652519893899204
1052,0.2652519893899204
1053,0.2652519893899204
1054,0.2652519893899204
1055,0.26385224274406327
1056,0.26385224274406327
1057,0.26385224274406327
1058,0.26385224274406327
1059,0.2624671916010498
1060,0.2624671916010498
1061,0.2624671916010498
1062,0.2610966057441253
1063,0.2610966057441253
1064,0.2610966057441253
1065,0.2597402597402597
1066,0.2597402597402597
1067,0.2597402597402597
1068,0.2597402597402597
1069,0.2597402597402597
1070,0.2597402597402597
1071,0.2597402597402597
1072,0.2583979328165374
1073,0.2583979328165374
1074,0.25706940874035983
1075,0.25706940874035983
1076,0.25575447570332477
1077,0.25575447570332477
1078,0.25575447570332477
1079,0.25575447570332477
1080,0.25445292620865134
1081,0.25445292620865134
1082,0.25445292620865134
1083,0.251889168765743
1084,0.251889168765743
1085,0.251889168765743
1086,0.251889168765743
1087,0.251889168765743
1088,0.24937655860349123
1089,0.2481389578163771
1090,0.2481389578163771
1091,0.2481389578163771
1092,0.2481389578163771
1093,0.24691358024691357
1094,0.24449877750611243
1095,0.24449877750611243
1096,0.24449877750611243
1097,0.24330900243309
1098,0.24330900243309
1099,0.24213075060532685
1100,0.24096385542168672
1101,0.2398081534772182
1102,0.2398081534772182
1103,0.2386634844868735
1104,0.2375296912114014
1105,0.2375296912114014
1106,0.2375296912114014
1107,0.2352941176470588
1108,0.2352941176470588
1109,0.2352941176470588
1110,0.23419203747072598
1111,0.23419203747072598
1112,0.23310023310023306
1113,0.23310023310023306
1114,0.23310023310023306
1115,0.23094688221709003
1116,0.23094688221709003
1117,0.22988505747126434
1118,0.22779043280182232
1119,0.22779043280182232
1120,0.22675736961451246
1121,0.22675736961451246
1122,0.22675736961451246
1123,0.22675736961451246
1124,0.2257336343115124
1125,0.2247191011235955
1126,0.2247191011235955
1127,0.2247191011235955
1128,0.22371364653243847
1129,0.22371364653243847
1130,0.22371364653243847
1131,0.22371364653243847
1132,0.22371364653243847
1133,0.22271714922048996
1134,0.22271714922048996
1135,0.22172949002217293
1136,0.22172949002217293
1137,0.22172949002217293
1138,0.22075055187637965
1139,0.22075055187637965
1140,0.22075055187637965
1141,0.21978021978021975
1142,0.21978021978021975
1143,0.21978021978021975
1144,0.21978021978021975
1145,0.21691973969631234
1146,0.21598272138228938
1147,0.21598272138228938
1148,0.2150537634408602
1149,0.2141327623126338
1150,0.21231422505307854
1151,0.21141649048625788
1152,0.21141649048625788
1153,0.21052631578947367
1154,0.21052631578947367
1155,0.21052631578947367
1156,0.21052631578947367
1157,0.20964360587002093
1158,0.20790020790020788
1159,0.20703933747412007
1160,0.20703933747412007
1161,0.20703933747412007
1162,0.20533880903490756
1163,0.20449897750511245
1164,0.20366598778004072
1165,0.20283975659229206
1166,0.20120724346076457
1167,0.19646365422396853
1168,0.19646365422396853
1169,0.1941747572815534
1170,0.19267822736030826
1171,0.1912045889101338
1172,0.19047619047619047
1173,0.18975332068311193
1174,0.1890359168241966
1175,0.18832391713747643
1176,0.18761726078799248
1177,0.18621973929236496
1178,0.18552875695732834
1179,0.18416206261510126
1180,0.18348623853211007
1181,0.18281535648994515
1182,0.18214936247723132
1183,0.18083182640144663
1184,0.18083182640144663
1185,0.18018018018018017
1186,0.18018018018018017
1187,0.17889087656529515
1188,0.17825311942959
1189,0.17825311942959
1190,0.17825311942959
1191,0.17761989342806392
1192,0.17761989342806392
1193,0.17761989342806392
1194,0.17761989342806392
1195,0.17699115044247785
1196,0.17699115044247785
1197,0.17699115044247785
1198,0.17574692442882248
1199,0.17574692442882248
1200,0.17391304347826086
1201,0.1727115716753022
1202,0.1727115716753022
1203,0.1715265866209262
1204,0.1715265866209262
1205,0.1703577512776831
1206,0.1703577512776831
1207,0.1703577512776831
1208,0.16583747927031506
1209,0.16583747927031506
1210,0.1636661211129296
1211,0.1636661211129296
1212,0.16207455429497566
1213,0.16051364365971105
1214,0.16051364365971105
1215,0.16
1216,0.15948963317384368
1217,0.15898251192368837
1218,0.15898251192368837
1219,0.15797788309636648
1220,0.15698587127158553
1221,0.15649452269170577
1222,0.15600624024960996
1223,0.15503875968992248
1224,0.15503875968992248
1225,0.1545595054095827
1226,0.15408320493066255
1227,0.15360983102918585
1228,0.15313935681470137
1229,0.15267175572519082
1230,0.1517450682852807
1231,0.15082956259426847
1232,0.14992503748125935
1233,0.14992503748125935
1234,0.14641288433382135
1235,0.14556040756914118
1236,0.14513788098693756
1237,0.14388489208633093
1238,0.14347202295552366
1239,0.14306151645207438
1240,0.14306151645207438
1241,0.1410437235543018
1242,0.14064697609001406
1243,0.13495276653171387
1244,0.1345895020188425
1245,0.1324503311258278
1246,0.13140604467805517
1247,0.13106159895150718
1248,0.13003901170351104
1249,0.12970168612191957
1250,0.129366106080207
1251,0.12515644555694616
1252,0.12360939431396786
1253,0.12150668286755771
1254,0.11402508551881413
1255,0.11223344556677889
1256,0.11098779134295227
1257,0.11049723756906076
1258,0.1081081081081081
1259,0.10718113612004285
1260,0.106951871657754
1261,0.10604453870625662
1262,0.10582010582010581
1263,0.10090817356205851
1264,0.10070493454179254
1265,0.10030090270812436
1266,0.09661835748792269
1267,0.0940733772342427
1268,0.09354536950420952
1269,0.08920606601248884
1270,0.08810572687224669
1271,0.08613264427217915
1272,0.08438818565400842
1273,0.08163265306122448
1274,0.07745933384972888
1275,0.07558578987150415
1276,0.07304601899196493
1277,0.0714796283059328
1278,0.06930006930006928
1279,0.06835269993164729
1280,0.06807351940095302
1281,0.06724949562878278
1282,0.0668002672010688
1283,0.06523157208088715
1284,0.062305295950155756
1285,0.06169031462060456
1286,0.059559261465157824
1287,0.05770340450086554
1288,0.05640157924421883
1289,0.048851978505129456
1290,0.0473260766682442
1291,0.04653327128897161
1292,0.04636068613815484
1293,0.04564125969876768
1294,0.0436871996505024
1295,0.03889537145079735
1296,0.038834951456310676
1297,0.03838771593090211
1298,0.03755163349605707
1299,0.03409478349812478
1300,0.03334444814938312
1301,0.03290556103981573
1302,0.03167564143173899
1303,0.024009603841536612
1304,0.023612750885478154
1305,0.023457658925639217
1306,0.022507314877335132
1307,0.020379050336254326
1308,2.4888464771297434
1309,2.748795471190709
1310,2.582176592365678
1311,5.17372262198694
1312,1.5529742829062043
1313,2.5070800037718817
1314,2.455653272481664
1315,2.64158364525245
1316,2.514165642203733
1317,2.766042060943548
1318,4.134705270150664
1319,2.6801772483632167
1320,2.408663063748949
1321,2.560821205686846
1322,2.7512636894131663
1323,2.693632264777253
1324,3.685350687011824
1325,3.093216578937912
1326,2.6750983054077766
1327,2.535482161523832
1328,2.4790745972074646
1329,5.768793156935203
1330,2.2590949471603827
1331,2.60754265608951
1332,5.486317711604642
1333,2.0658606722521027
1334,2.5891091947764555
1335,2.561092533572767
1336,5.369741973398833
1337,2.323998363917672
1338,2.43890978974245
1339,3.49376014385403
1340,2.6528820748171222
1341,2.614539151419036
1342,2.4477917345884737
1343,2.482043296192824
1344,2.600935344438257
1345,2.5847024505711915
1346,2.456717974382444
1347,2.601517144720981
1348,2.4388199486300173
1349,2.483555578367429
1350,2.4557950727823865
1351,2.529387238301548
1352,2.5891843543766173
1353,2.4971844602844997
1354,2.640732963913325
1355,1.9812766356498703
1356,2.551180783411629
1357,2.427150729715502
1358,2.76561252883108
1359,2.505020574608182
1360,2.559396941001568
1361,2.4783411619019025
1362,2.530495220910762
1363,2.119154554961949
1364,2.594750551756497
1365,1.9972993405555608
1366,2.4921939610781485
1367,3.322883401729853
1368,2.670479617507864
1369,2.5424644955367044
1370,3.378024780997064
1371,2.5806198825857694
1372,2.51836118853423
1373,3.093824536440511
1374,2.537391551719641
1375,2.8726499436385464
1376,4.196580548604184
1377,2.598072502128643
1378,2.366905876068159
1379,2.308179243205428
1380,2.5969497794790786
1381,2.2685160011081003
1382,2.4648485110659646
1383,2.506030001898621
1384,2.5633563719330694
1385,2.594394858413158
1386,2.650128031633729
1387,2.6390453944773333
1388,1.826325893959026
1389,2.4695239936810998
1390,2.4019550618252743
1391,2.89098939132077
1392,2.63133524414828
1393,2.878052957221295
1394,2.601261974132597
1395,2.538721181076144
1396,2.566371526382925
1397,2.4361003410061426
1398,2.5210427794036696
1399,2.512148968207097
1400,3.606281615727183
1401,2.675872291794926
1402,2.523437646184724
1403,2.416803248962509
1404,2.58854511072467
1405,2.4388037429586524
1406,2.585364410222448
1407,1.508158589369614
1408,2.326692482661912
1409,2.5715384444333984
1410,2.4619000812847087
1411,3.0355961144698047
1412,2.6475622822989537
1413,2.455714832125635
1414,2.5203004714379347
1415,1.5979272800837336
1416,2.47872849398635
1417,2.3255342187388703
1418,2.4832346384187955
1419,2.197412692672622
1420,2.7585424804677645
1421,2.7661391696993367
1422,1.6603738235854812
1423,1.985067576197662
1424,2.4993852763839324
1425,2.5115892671012454
1426,2.8919644389587256
1427,2.91921584715582
1428,2.763428737027917
1429,3.2642355876674163
1430,2.908933215356826
1431,2.590830491561817
1432,1.7710664308392832
1433,2.530797668149193
1434,1.823086589372847
1435,2.6567982097175467
1436,2.785526019544881
1437,2.739363618198975
1438,2.766277140606885
1439,2.745082030645574
1440,2.6825839184248834
1441,2.5805818195022603
1442,1.5057691754499427
1443,2.629294213893332
1444,2.437989640014015
1445,2.487355137383295
1446,3.390538847774064
1447,2.523882707034441
1448,2.5212338557718
1449,2.515173647935127
1450,2.172951864205478
1451,3.3361770379740525
1452,2.530154072089939
1453,2.6282927161109564
1454,2.412839311410359
1455,1.9949355192773588
1456,2.4878720935916343
1457,2.459159723435042
1458,2.5352201552392075
1459,2.660188328599568
1460,2.48294806383848
1461,2.407015344070057
1462,2.9551891501732896
1463,1.817699101305084
1464,3.796749077444309
1465,2.5966448976571024
1466,2.4814174748120017
1467,2.000710417908843
1468,2.5287219564927272
1469,3.3729769044831044
1470,2.42686352494416
1471,2.45087711574425
1472,2.5285228467366463
1473,1.7278734795132122
1474,2.582873155087664
1475,2.5411121782411112
1476,2.5454997496600265
1477,2.867850026819488
1478,2.697069343246542
1479,2.5236685157089385
1480,2.716141143034196
1481,2.5537259533548515
1482,2.4036663008046166
1483,2.429627645018404
1484,2.4628954272837578
1485,2.4870147764942265
1486,2.5277981901554143
1487,2.676221034968582
1488,2.398454153183076
1489,2.7756128582381745
1490,2.6015617727437417
1491,2.651065118392867
1492,2.099179653848722
1493,2.9343840587824235
1494,3.596122358467623
1495,2.2220948441616017
1496,2.4496199855960663
1497,3.245058528722993
1498,2.578810957209941
1499,2.5457710109409204
1500,2.7115865836329203
1501,2.508920545745568
1502,2.575332861924045
1503,2.510708247449637
1504,3.061917637470562
1505,2.6879730935575976
1506,1.8834007943486863
1507,2.5188848028853776
1508,2.432524239392049
1509,2.391870758347169
1510,2.220025309875461
1511,3.053217118393828
1512,3.245118972247772
1513,2.8607344853899104
1514,2.425160696270929
1515,2.545838173214945
1516,2.5595492414398557
1517,2.701826232535963
1518,2.442863428437874
1519,2.571635879404225
1520,2.5970755698844967
1521,2.4579747472036595
1522,2.4702803919694825
1523,1.793238885779447
1524,1.9483689666941384
1525,2.43199057289493
1526,2.2249117340464086
1527,2.6181973731349104
1528,2.399337247718305
1529,2.6085408273956783
1530,2.472913261222232
1531,2.5975879879521737
1532,2.6843806639013525
1533,1.5563151379125983
1534,2.5515103166627453
1535,2.394707825927321
1536,2.794597315052524
1537,2.577783417364256
1538,2.576374284269371
1539,2.413279759217988
1540,2.3253830204175374
1541,2.228826941566528
1542,2.5664186101376365
1543,2.547326298417125
1544,2.726150026526548
1545,2.3679715573041875
1546,2.595417966077588
1547,2.245450736240622
1548,2.5367923695663963
1549,2.447946712709
1550,2.3856256203142543
1551,2.666100216098675
1552,2.35333896070677
1553,2.443008936079318
1554,2.203155659748336
1555,1.5141064903788577
1556,2.591471702385184
1557,1.982432404713204
1558,2.493395639290615
1559,2.515172533480761
1560,2.48290766283132
1561,3.912527312004564
1562,2.625260888848189
1563,2.985502098134626
1564,2.38835419565865
1565,2.4119320768251207
1566,2.3549525972584373
1567,2.6139815468067207
1568,2.6405480230567897
1569,2.941163824731106
1570,3.5356255318352323
1571,2.4227893319449154
1572,2.213979388869219
1573,2.544473872615398
1574,2.5561557267706174
1575,3.0593463662000757
1576,2.491442006437363
1577,2.5186830474863573
1578,3.3568218801502727
1579,2.140963889010865
1580,2.5030969203697686
1581,3.034854813512573
1582,2.597068455929931
1583,2.5456763311000152
1584,2.407574093420301
1585,2.4078774987527103
1586,2.770664575977808
1587,2.3816580139174985
1588,2.801909859895751
1589,2.3877497056408
1590,2.497206841523964
1591,2.338937643092462
1592,2.6197497881462897
1593,2.675383596324663
1594,2.9433800465886377
1595,2.489310767213832
1596,2.948724751763657
1597,2.49671741724735
1598,2.6266602252645344
1599,3.2146903746312545
1600,2.6025614816951643
1601,2.7388075318085963
1602,3.45851757875029
1603,2.513692216829276
1604,2.382710819822538
1605,2.5119286033122603
1606,2.4885884630788286
1607,2.4127065311015734
1608,2.5706091592587805
1609,2.985408834825443
1610,2.468996287809577
1611,2.7008352158618787
1612,2.5731959543102434
1613,3.0054269096421926
1614,4.561991063896671
1615,2.5346967078855007
1616,3.1631127058843145
1617,2.5035005118203424
1618,2.616692646779134
1619,2.484625064353288
1620,2.154744036008339
1621,2.3767342030528047
1622,2.4280135160152647
1623,2.3056982955055654
1624,2.598850864845637
1625,2.5117665221702925
1626,2.366336524644455
1627,2.5873132731398094
1628,2.3849143999638693
1629,2.611031955866989
1630,2.234279271301682
1631,4.037047667870317
1632,2.8747453532143
1633,2.5366217832202684
1634,1.9152809233453385
1635,2.8102488610344016
1636,2.4275686030350943
1637,2.5003262301088167
1638,2.4059815632215
1639,2.5863096687256286
1640,2.519077209921504
1641,2.5316416946565736
1642,2.737987621769036
1643,2.7145108701180423
1644,2.657581911421142
1645,2.804903422198433
1646,2.651914822216407
1647,2.5012128771438835
1648,4.434382840830522
1649,3.1481062763525123
1650,2.5432996414495284
1651,2.37639763694597
1652,2.566775065881945
1653,2.599867245540511
1654,2.429691238197584
1655,3.38544925929633
1656,2.496284436872904
1657,2.417953419763481
1658,2.6235270147946825
1659,2.549531668720353
1660,2.5633727351542186
1661,2.416472941750209
1662,2.994319342869285
1663,2.6168541387992974
1664,2.523787648814079
1665,2.6118052184621567
1666,2.6048588139415734
1667,2.5785690045106207
1668,2.4702346766803207
1669,2.5784952242157075
1670,2.073884280469636
1671,2.561410141413322
1672,2.550650293778649
1673,1.998474979620848
1674,2.5785743720706598
1675,2.474707803871288
1676,2.556377063478534
1677,2.6027659657731346
1678,3.8803531791214367
1679,2.520293571754703
1680,2.699397201615392
1681,2.488238675153864
1682,2.975796365593769
1683,3.713940363406481
1684,2.763359042168413
1685,2.47109191028389
1686,2.5094227245301126
1687,2.705906853208315
1688,2.601792264225449
1689,2.2482792604225423
1690,2.4721415625499787
1691,2.338232680865394
1692,2.436705583655066
1693,2.16785992374498
1694,2.492987628696437
1695,2.542231462646686
1696,2.350435818048241
1697,2.311095797858295
1698,2.9935598300112862
1699,2.396986487192436
1700,2.437784653259074
1701,1.7490046174922396
1702,2.2261900423999474
1703,3.1079546168024628
1704,2.572716363191728
1705,2.5460178431741665
1706,2.5338196815199767
1707,2.481519283341316
1708,2.5049027671765605
1709,2.587122255554385
1710,2.7848186502725194
1711,2.441592232187629
1712,2.396010438482896
1713,2.4554644698463166
1714,2.6196105334121
1715,3.9809552499588334
1716,3.6543318348772
1717,2.5691096096960915
1718,2.658426019190125
1719,1.4828136896047868
1720,2.609313950571556
1721,2.6716928416379164
1722,2.491250315417896
1723,2.4971152437245703
1724,2.641446387148922
1725,2.5753119753586207
1726,2.5685803097884525
1727,2.489130466662172
1728,2.277733555877412
1729,3.778719665095285
1730,2.3437613188873234
1731,2.6354033446641045
1732,2.251210776525224
1733,2.484028798858291
1734,2.489124395352423
1735,2.3344477118619684
1736,2.5742971288339804
1737,2.461414076520436
1738,2.242178305221332
1739,2.4626508363629456
1740,2.651807933595406
1741,2.054281475818235
1742,2.4722695998190747
1743,3.1801263721943247
1744,2.5693400129263977
1745,2.933047814197349
1746,2.566436026909437
1747,2.188926531058975
1748,2.392149844664884
1749,2.7466079616226486
1750,2.107046613457807
1751,2.5309033249443464
1752,2.6594578977033168
1753,2.56838745187521
1754,4.395996915959911
1755,2.5228795321029343
1756,2.1203082333303427
1757,2.5874634100114964
1758,2.58854478159264
1759,2.080519546161744
1760,1.791306414909022
1761,3.307643991599749
1762,2.3663421753193337
1763,2.4694927476574806
1764,3.0170783571567394
1765,1.8925553676383888
1766,3.980274166050437
1767,2.5535378006966125
1768,4.68925421939914
1769,2.725113727507353
1770,5.875983427632661
1771,2.7115367703672986
1772,2.661303430500682
1773,4.069549276381002
1774,2.19656193878303
1775,2.417213442244065
1776,2.608176061627399
1777,3.117723719091196
1778,2.806135917543341
1779,1.765227426540292
1780,2.422824923889765
1781,2.6586175519933715
1782,2.368231611602741
1783,2.5795829431847075
1784,2.338923621118062
1785,2.539036025380377
1786,4.296461251169045
1787,2.231750314196057
1788,1.78132667598552
1789,2.5193537423004706
1790,2.475177420255441
1791,2.554598663128842
1792,2.466543987912984
1793,2.5957456335807945
1794,2.705726217361018
1795,2.41473244572312
1796,2.441528376396794
1797,2.540595458561877
1798,2.4842758698011727
1799,2.483198091422348
1800,2.310182619436076
1801,2.5106463488077355
1802,2.466469472681388
1803,2.2865542773032845
1804,2.503388940810321
1805,2.303426136167813
1806,2.996722645671236
1807,2.396250862957237
1808,2.6096653766310047
1809,2.42892626305356
1810,1.712258244372842
1811,2.516459165914863
1812,2.500143017411752
1813,2.485459319188787
1814,3.145917287756627
1815,2.5506872469544906
1816,2.5861565339044668
1817,4.219000303178852
1818,3.1919296290871824
1819,2.5598521054558963
1820,5.341097579137738
1821,2.479819723109656
1822,2.5809505420867174
1823,1.854860006198328
1824,2.4108082003381988
1825,2.445670482645124
1826,2.4373043158240364
1827,2.614923756019945
1828,2.4732731409437534
1829,2.3060679783876554
1830,2.455487769033297
1831,2.275279754355071
1832,1.7109796261050871
1833,2.490989209707404
1834,2.3853349708366047
1835,4.415179871372457
1836,2.263943533224752
1837,2.388561364132068
1838,2.4068813613309765
1839,2.2705912376239383
1840,2.177684246947557
1841,2.365776432316795
1842,2.427975993884385
1843,2.5541187908453398
1844,2.7315908361669647
1845,2.5332027749685437
1846,2.8879968932918474
1847,2.360243426998686
1848,2.4148032689030936
1849,2.5374919943119933
1850,2.6721998629471093
1851,2.189966687794393
1852,2.4044285744822917
1853,2.361403336681186
1854,2.4295091934071027
1855,3.003490605878982
1856,2.186429617044632
1857,2.4178828788448743
1858,2.6628960945372144
1859,2.3674211494487216
1860,2.687135660450467
1861,2.471511554278604
1862,2.5659461859050943
1863,2.402567273441797
1864,2.5297355301657984
1865,2.363162157391334
1866,2.727752406276378
1867,2.1060252647813336
1868,2.319090628975864
1869,2.3205893662261947
1870,2.4365434029521973
1871,2.4737287757330177
1872,2.67029582593983
1873,2.572675592602259
1874,2.516126567582852
1875,2.5165303683598177
1876,3.8434592866294177
1877,2.247204447984924
1878,2.533484854679421
1879,2.491801354192249
1880,2.42231594456134
1881,2.505698321996289
1882,2.832702474955184
1883,2.48706286669417
1884,1.7199372742935843
1885,3.4325642409504726
1886,3.63919803309697
1887,2.5568470354707804
1888,3.04140868112132
1889,2.5355942917852143
1890,2.3808551951435666
1891,2.159723716564815
1892,2.52039161035182
1893,1.7856842579339678
1894,3.1241914461033247
1895,2.4533788935249805
1896,3.119644490373788
1897,2.440356378070954
1898,2.5372017724923888
1899,2.4855721044062
1900,2.60590491784876
1901,2.5406472473855315
1902,1.9283807825934005
1903,2.5179661792947816
1904,2.550511891463422
1905,2.4851089097162
1906,2.3420560238920003
1907,2.7372767505733644
1908,2.4629744245786656
1909,2.3979466589988787
1910,3.046366889632615
1911,2.0299415390033206
1912,2.5725085958881326
1913,2.41952046212991
1914,2.436684759759182
1915,2.440048684259968
1916,2.497446582512515
1917,2.29675420339628
1918,2.517642998771649
1919,2.62572979797272
1920,2.452882610243045
1921,2.384297243344104
1922,2.3818137553545564
1923,2.6025733636710777
1924,2.471252677763553
1925,2.548441672317075
1926,2.399212214006553
1927,2.565584997472344
1928,2.5451848317851464
1929,2.457642910392295
1930,2.582172661220321
1931,2.51294565680995
1932,2.4488262067052737
1933,2.4488636233223966
1934,2.4033467617537823
1935,2.393245977032571
1936,2.3169044527452507
1937,2.487865537700487
1938,2.5907155710257266
1939,2.3676079406500694
1940,2.465905198823073
1941,2.406405239231745
1942,2.9697549904764493
1943,2.708003234439232
1944,2.8796471359212155
1945,2.482398296545403
1946,2.424586478807915
1947,2.567069328527584
1948,2.5644485545251885
1949,2.583662612947772
1950,2.749151341649425
1951,2.5129998721621734
1952,3.1407573314056667
1953,2.465395072203073
1954,3.427661459497473
1955,2.2860159493468943
1956,2.6378459525781794
1957,2.3488302107597665
1958,2.3875045868231948
1959,2.861394174219805
1960,2.484991823332745
1961,2.496407817720295
1962,2.4090609708462503
1963,2.6073050276819765
1964,2.364446942544965
1965,2.714297721881109
1966,2.264118741778239
1967,2.8491227645891897
1968,2.5993915244186656
1969,2.650362536084226
1970,2.411296723959468
1971,2.6463524086429664
1972,2.609444657003709
1973,3.212631487364814
1974,2.5436382318420447
1975,2.466626344276344
1976,3.556957954458009
1977,2.239409709681388
1978,2.417865904616363
1979,2.5838760369553566
1980,2.5890133500541705
1981,2.3516016460787745
1982,3.634436185373192
1983,2.5407629850715927
1984,2.7656799426105176
1985,2.2712498553165847
1986,2.4898686663396945
1987,2.4513040388756786
1988,2.4474568269856904
1989,2.526928290644135
1990,2.3512238490960318
1991,2.625801877674081
1992,2.49878993099923
1993,2.387035210290254
1994,2.7140737776010075
1995,2.458351022825872
1996,2.7393473410576505
1997,2.494355889918228
1998,2.513950941814201
1999,2.133349189169318
2000,1.528550505129749
2001,2.541448715750812
2002,2.391776217789218
2003,2.491810422736616
2004,4.27960093078012
2005,2.514664934450744
2006,2.5652775822775267
2007,2.52910978099486
2008,2.875555143998946
2009,2.472346521053149
2010,2.5890351285543494
2011,2.790019726131191
2012,2.972799901742141
2013,2.527143047954137
2014,2.715128709054078
2015,2.9818279593487254
2016,3.021564301401555
2017,2.472523328903222
2018,2.3320592171267296
2019,2.4947015106256263
2020,2.505112225994119
2021,2.342482577952279
2022,2.7556643045765425
2023,2.4720758547786112
2024,2.4461575519873024
2025,2.437887362669525
2026,2.5354315742366555
2027,2.448788109263586
2028,2.9332898452622027
2029,2.675444493980165
2030,2.6341541822373795
2031,2.5734051253839474
2032,2.8263986809687496
2033,2.278749899046757
2034,1.6197191492277638
2035,2.5478641037055545
2036,2.578964107503093
2037,3.996187102561007
2038,2.9023347503196675
2039,2.427896099237991
2040,2.288486526222966
2041,2.4975750093913627
2042,2.54746733540314
2043,3.005614275855464
2044,2.241108818791404
2045,2.492479555837096
2046,2.5097975147043337
2047,2.5941991313478936
2048,2.423350848093909
2049,2.1959310561573147
2050,2.109750225094869
2051,2.534059457396736
2052,2.729806411374719
2053,2.233240630626248
2054,2.583781388471017
2055,2.5078562104642264
2056,2.5245802095445544
2057,1.7670719919166844
2058,3.742368344335371
2059,4.017630901091716
2060,2.438703495011949
2061,2.6573233925851265
2062,2.685365655768198
2063,2.621510170081607
2064,3.087020231634212
2065,2.618322932189608
2066,2.3876540273618305
2067,2.6252019808295133
2068,2.5044923794948803
2069,2.431851175099068
2070,2.58645080054356
2071,2.9508353357057686
2072,2.619965792943785
2073,2.058015404305752
2074,2.781309857041483
2075,2.5234456489673147
2076,2.671183553769447
2077,2.6674228297845968
2078,2.460789145054964
2079,2.502379805197517
2080,2.457673017016518
2081,2.530884335209284
2082,2.919395884515992
2083,2.4155595619593524
2084,2.482584609915951
2085,2.721193031190987
2086,2.471154233594299
2087,3.212695797546228
2088,2.2390349882121856
2089,2.638092953368753
2090,2.8959119467783627
2091,2.430307615917209
2092,2.869177585671194
2093,5.725628914149562
2094,2.906097505496676
2095,3.054431445897931
2096,2.3338421457608454
2097,2.7077135171500704
2098,3.875408624938976
2099,2.0710415249320437
2100,2.6985614181978943
2101,3.0307132813774147
2102,2.4775870300485483
2103,2.3743542471977044
2104,1.798737722630266
2105,2.119639801628494
2106,1.6551578647978835
2107,2.4129648819728837
2108,2.541157509583026
2109,2.474300630593573
2110,3.4170260445068013
2111,2.5119317099421394
2112,3.4152633641690366
2113,2.339125144394471
2114,2.200466161350528
2115,2.4101498093283946
2116,3.088686299797802
2117,2.5793605624926275
2118,2.250185603082182
2119,2.2728080591595328
2120,2.414057932951968
2121,2.1823717806590524
2122,2.4623459838197883
2123,3.5066974954784813
2124,2.427761492362252
2125,2.532342968476984
2126,3.007967544246999
2127,2.5629150084239747
2128,3.503814380722537
2129,2.6544711704885504
2130,2.761521140812607
2131,2.5270253626119423
2132,4.789551762013638
2133,2.4526355473192027
2134,2.488785125202408
2135,2.595960000796821
2136,2.1706455030535072
2137,2.8225221806252057
2138,2.5995361169665987
2139,2.1661782095488387
2140,1.800416280219734
2141,2.4755010239833624
2142,2.547363966840168
2143,3.2920850687061787
2144,2.7774377285837923
2145,2.529863552474293
2146,2.3358423156178687
2147,2.026291317122085
2148,2.560558555048576
2149,2.49579260680616
2150,2.4733742581735423
2151,2.4064329120780084
2152,2.5242063958579983
2153,2.4272798377678244
2154,2.664755744014227
2155,2.7286326061759705
2156,2.386661887655517
2157,2.4260871357929537
2158,2.258527205774884
2159,1.9896981064797568
2160,2.52725156881174
2161,2.862221525787289
2162,2.659032294837898
2163,2.3459889624989336
2164,2.431381009677442
2165,2.4890308072533105
2166,2.503585202314756
2167,2.9698005181227445
2168,2.0551267604366816
2169,2.5470343238229414
2170,2.64837814069419
2171,2.634060924551537
2172,2.453772986583912
2173,2.449965788784517
2174,2.3953170713534075
2175,3.0266868716076107
2176,2.686011830911373
2177,2.3668799246350414
2178,2.211976795620742
2179,4.087700840315859
2180,2.5399220583590933
2181,2.588096955549992
2182,2.127724329868624
2183,2.589106778647766
2184,3.389795644081592
2185,2.529372205156191
2186,1.803038146431683
2187,2.50961018899793
2188,2.539603425955485
2189,2.471944213987264
2190,2.318988918600511
2191,2.929700506074311
2192,1.7751785903682271
2193,2.5506270120202768
2194,2.318660862313537
2195,2.489519056189677
2196,2.758591613260078
2197,2.131802294986006
2198,1.9069737348812568
2199,2.485788374666966
2200,2.582504519312664
2201,3.018986777648601
2202,2.1740863046707632
2203,2.452356838594611
2204,2.483301527591757
2205,1.7407527596177803
2206,2.171990047592252
2207,2.21666079919588
2208,2.3188246427957315
2209,2.5919420206844017
2210,2.0018925489364974
2211,2.719521227140626
2212,2.554384676909821
2213,2.315446000850616
2214,2.4630853446813226
2215,2.5111332128509254
2216,2.4697160267802087
2217,2.5040263824693425
2218,2.5238789749555406
2219,2.4449481714844348
2220,1.8048230505431848
2221,2.369233419637633
2222,2.0928847820711938
2223,1.5098294493893352
2224,1.5794244941732971
2225,2.2978700962745204
2226,2.30209234183679
2227,2.0506792945254446
2228,2.35460889495278
2229,2.2060350027112365
2230,2.546849278783209
2231,2.982381439937128
2232,2.257556019379288
2233,1.9904439476233229
2234,2.712267456643581
2235,3.6478780163152575
2236,2.2757445047288054
2237,2.3673619946075903
2238,2.5982652208516392
2239,2.952080010989151
2240,2.527566605483989
2241,2.6663445896046047
2242,3.6346330186855473
2243,1.910510840287852
2244,2.4683327369195918
2245,2.459700971258635
2246,2.52065218517657
2247,2.8644570034411205
2248,2.592263322639252
2249,1.948603460369657
2250,2.7177820501323984
2251,1.8352527525489284
2252,2.1185970786996
2253,2.552744111544951
2254,2.281957353550214
2255,2.532661254503038
2256,2.501446764037341
2257,2.5501664192769016
2258,2.712232284054205
2259,2.6570281094810797
2260,2.4702426044569368
2261,4.059977298053004
2262,4.703554100195522
2263,2.470677161869801
2264,3.7251385343026175
2265,2.517585236031938
2266,1.762324320149277
2267,3.096319392693863
2268,2.3455670706014216
2269,2.2931475158264063
2270,2.362678812413639
2271,2.570881650733142
2272,2.8350559034543195
2273,2.645286118835104
2274,2.334584607463065
2275,2.431629427810543
2276,1.7733024303426168
2277,2.4771766797675503
2278,2.511309439656208
2279,2.6110427129298786
2280,2.503232105672561
2281,2.5025264822439723
2282,2.484119772088328
2283,4.442543414954264
2284,1.9682527856941816
2285,2.5469140897953166
2286,2.286574541880765
2287,2.5220116732387408
2288,2.441075596700604
2289,2.4850858975290047
2290,3.081175400478883
2291,2.282490790505392
2292,2.6810133971519075
2293,2.654763675820139
2294,2.642695203210524
2295,3.0668778747552548
2296,2.903543641138608
2297,2.5297227127071404
2298,2.519378940116038
2299,2.7811183533889983
2300,3.0953073750766698
2301,2.486039486799616
2302,2.496543466554863
2303,3.71035929853077
2304,2.431195753857246
2305,2.569511892074737
2306,2.554331123962676
2307,2.640722903516161
2308,2.429382482204894
2309,2.552022632070336
2310,3.2820517717354427
2311,2.1864653480779404
2312,2.563017091175251
2313,2.5729753916117177
2314,2.9456064626560434
2315,2.747125429651445
2316,4.399030797300072
2317,2.5268698323980154
2318,2.572707121958953
2319,2.308434971094208
2320,3.308878805404553
2321,2.6207418652217074
2322,5.201042339783483
2323,2.293796625049584
2324,2.48296078108067
2325,2.5573257659981303
2326,2.445231976343114
2327,3.1696931363228087
2328,2.4857981672129656
2329,2.688811837232832
2330,2.249018557671789
2331,2.4993987939587856
2332,2.3561958888503782
2333,2.534063746440563
2334,2.365092881400832
2335,2.5857776408899853
2336,2.4180784888353632
2337,4.682978951631296
2338,2.293642719097293
2339,2.103053146715957
2340,2.793515205486087
2341,2.52219608065837
2342,2.483906783758828
2343,2.4205745055076675
2344,2.568408095480068
2345,2.3792883483933536
2346,2.36733821677624
2347,2.627090230182539
2348,3.278736790187533
2349,2.5837505420120097
2350,2.4768035844158995
2351,2.346285414549131
2352,2.5043778052840087
2353,2.4967598547670087
2354,2.4172156867774826
2355,3.3195098652704047
2356,2.1542464142444318
2357,2.4771582326416035
2358,2.5221433887829723
2359,2.737027782493489
2360,2.529398437425012
2361,2.3875191753541976
2362,2.812807599966349
2363,2.727782800177534
2364,2.7641676834797977
2365,4.142005992784048
2366,2.9085260456889577
2367,2.8096611075707765
2368,2.4899800224744664
2369,2.5838893144623416
2370,2.3472231131885715
2371,2.664397029343203
2372,2.8221043782487585
2373,2.3944322656370027
2374,2.4316318324678545
2375,2.476648889021057
2376,2.5153659489020703
2377,2.7153310158158974
2378,2.5474762500384807
2379,2.497301006494667
2380,2.3400485179453336
2381,2.443312244329391
2382,2.5160588854249792
2383,2.341490570237097
2384,2.37691928091401
2385,2.4859331626155385
2386,2.440266229316001
2387,1.484911553511401
2388,2.467453761834405
2389,2.446283252642594
2390,2.4792031905177287
2391,2.057477248736556
2392,2.944650928943516
2393,2.6697621696539917
2394,2.549126542668217
2395,2.71407469409681
2396,2.873640456128365
2397,2.8167099973496925
2398,2.4103031893035305
2399,2.4644985186714017
2400,1.6339862421717466
2401,2.359584365395844
2402,2.655588520314221
2403,3.60296803993738
2404,2.5544700718582813
2405,2.9977014486951354
2406,2.756459586557795
2407,1.5216315034849803
2408,2.5340748271871307
2409,2.6148981768295294
2410,2.4294764752152584
2411,4.582145043111964
2412,2.663392832889291
2413,2.367620483199518
2414,2.476206390392377
2415,2.495235641028507
2416,2.486947194678986
2417,2.528599036085699
2418,2.541024572299323
2419,2.3929229156187684
2420,2.820448930557099
2421,2.686314675902019
2422,2.401565832397867
2423,2.554200078593372
2424,2.3000780109799552
2425,2.344633390189554
2426,2.6756421040379217
2427,2.416470121699534
2428,2.57487724772998
2429,2.6212471116230223
2430,2.479039614749877
2431,2.093770380029
2432,2.5168526977114607
2433,2.5477290052600385
2434,2.5220332604836826
2435,2.523772986884881
2436,2.5225698249909247
2437,1.932369634082676
2438,1.8286265759328209
2439,2.411531889960859
2440,2.1800927212282923
2441,2.6987981705077133
2442,2.0846123555812603
2443,2.4216391417153598
2444,2.563335709186916
2445,2.219518785003073
2446,2.3980325195478587
2447,2.234337799323139
2448,2.521187436126377
2449,2.4931011304492112
2450,2.282217786004882
2451,2.466253186973469
2452,2.343353987224636
2453,2.333983901443816
2454,2.692287780369979
2455,3.7902332196042794
2456,2.455430645409389
2457,2.085635371318409
2458,2.2701924620252507
2459,3.2881207315270617
2460,2.864506180370214
2461,2.411047542319738
2462,2.3504355981352374
2463,2.0422980194212306
2464,2.564967232425922
2465,2.4409063393056125
2466,2.4490034677752126
2467,2.4386277974786785
2468,2.5657831967860885
2469,2.382305695562715
2470,2.210313042253559
2471,2.404334368122282
2472,2.49925982638073
2473,2.090745429647232
2474,2.4231380953292727
2475,2.5053825726622594
2476,2.542518567711264
2477,2.4839337686292207
2478,1.549828422647377
2479,2.576266187865617
2480,2.625258419876474
2481,2.509093948371738
2482,2.478750289025212
2483,2.599455387979281
2484,2.396414116328032
2485,2.5548184285996896
2486,1.9654897962829967
2487,3.982048772355502
2488,4.166559161498353
2489,2.453965619640391
2490,2.8809290357084016
2491,2.664207968162547
2492,2.9308032540048696
2493,2.584499741035212
2494,2.353108342226702
2495,2.420310875242121
2496,2.5497151442200585
2497,2.492044622268298
2498,2.281489621610609
2499,2.3340438249622317
2500,2.5549319532147767
2501,2.499231432078635
2502,2.812008429605793
2503,5.554528837750978
2504,2.1982236826626704
2505,3.2317121131146536
2506,2.5174569010321943
2507,5.2091124498602985
2508,2.550827400695548
2509,2.3877093850882622
2510,2.2122806181259014
2511,2.38023190079699
2512,2.543750024028808
2513,1.5131446015501369
2514,2.475047608168364
2515,2.386678221944796
2516,2.2941212660448924
2517,2.1997490033273355
2518,2.4308313786065834
2519,2.9925514404461047
2520,2.786715296296381
2521,2.5102328618884893
2522,2.4567261117942016
2523,1.6524343064717308
2524,2.945286711696693
2525,2.957308905313938
2526,2.5129489671717686
2527,2.4048069218070567
2528,2.515479811985001
2529,2.683632881436389
2530,1.8958281030031163
2531,2.394171081039743
2532,2.582388576851068
2533,2.46156149880364
2534,1.8688748385541725
2535,2.1607655857456
2536,3.162936518178304
2537,2.306330233011127
2538,2.3890441121480595
2539,2.498154792446526
2540,2.2702522681892336
2541,1.6473455865848337
2542,2.8001698785755824
2543,2.581150891713368
2544,2.8406456651532137
2545,2.7792580751356906
2546,2.5245303895214133
2547,2.4185605479136782
2548,2.397586864485049
2549,3.2078180425973764
2550,2.4451081906596985
2551,2.517796580429299
2552,2.504296432123704
2553,2.491357372345282
2554,2.2617839500016577
2555,2.405531268519952
2556,2.8655888724745284
2557,2.535729017473414
2558,1.4984110222237526
2559,2.5349442025359634
2560,1.6500061662657626
2561,2.42244068270205
2562,2.481118016698335
2563,1.5842369698267784
2564,2.760261527823151
2565,2.6430448513177853
2566,3.646893035752976
2567,2.496391867899514
2568,2.935327930236215
2569,2.490940552446736
2570,2.499157692335893
2571,2.148449679602144
2572,2.466271967626525
2573,2.371165649764208
2574,2.2715327919923274
2575,2.5263716384730213
2576,2.2853266450047385
2577,2.3735971383838783
2578,2.348297265987122
2579,2.667978384364496
2580,2.562467654283586
2581,2.0516336570481752
2582,1.8762043962772368
2583,2.7821018525993413
2584,2.34461852935541
2585,2.358538028978306
2586,2.296078815847186
2587,2.69729125461723
2588,2.8153648002148968
2589,2.4711545750121173
2590,2.912289958138468
2591,2.8176728515768223
2592,2.4243216581171683
2593,2.3344347637378324
2594,2.0998422599406137
2595,2.4113078196927438
2596,2.491487406908828
2597,2.3504753623385337
2598,2.644389341835637
2599,2.5257933747117693
2600,2.631563010721067
2601,2.5259786696254967
2602,2.388757588019172
2603,1.5350745999951636
2604,2.58483280981592
2605,2.9614399788031007
2606,2.334975091791963
2607,1.980454634303929
2608,4.607082185763916
2609,2.483312008903366
2610,1.9761227270310504
2611,5.043842670821544
2612,2.1679385456522877
2613,2.6732907935070487
2614,2.8186988919697336
2615,2.405592388607315
2616,2.399105059106343
2617,2.507956409693296
2618,2.527112158212896
2619,2.3107626105878314
2620,2.5273150056589664
2621,1.942953260186942
2622,2.740787673583732
2623,2.47839506219108
2624,2.170502420113453
2625,2.361643066634169
2626,2.461953623029114
2627,2.334046481879453
2628,2.329447848261652
2629,2.5630821702167106
2630,2.492801803469741
2631,2.5444784228090587
2632,2.4715540924333443
2633,2.425742113486177
2634,2.5689662139227423
2635,2.636254907709336
2636,2.5145460530425776
2637,2.561065501402702
2638,2.409576787479878
2639,2.797278537218924
2640,2.473491305493981
2641,2.405894934938825
2642,2.4093517311449286
2643,2.438888333537504
2644,2.419272281244422
2645,2.545992169366496
2646,2.382733381198141
2647,2.3500548819359413
2648,3.4206972436930565
2649,2.347513423040292
2650,2.7381067315287315
2651,2.8096685511578965
2652,2.524431757021333
2653,4.241987491371262
2654,1.8983466365149708
2655,2.540126485981712
2656,2.640465271778732
2657,2.5959702769236173
2658,2.4997601038063038
2659,2.570555411083174
2660,2.3294143302405663
2661,3.193260920541367
2662,2.552479473800213
2663,2.4615057505621256
2664,2.470345989224531
2665,2.629890694703238
2666,2.555241203764483
2667,2.49727520914038
2668,2.223838372451162
2669,2.747836263569875
2670,2.3300729107674947
2671,2.4860576652965483
2672,2.4721028993759675
2673,2.375862667062824
2674,2.4290698697192648
2675,3.977941427489577
2676,2.4905753435430067
2677,2.6557817526671883
2678,2.564714626651378
2679,2.532514102986435
2680,2.4934340126459467
2681,1.557214008450586
2682,2.073029947075581
2683,2.8360333992352094
2684,1.8419284107275604
2685,2.7071828797522786
2686,2.556828970369624
2687,2.3229377558120534
2688,3.6584104390200447
2689,2.4204616105165355
2690,2.494296508346238
2691,2.31149354914028
2692,3.0058436379871485
2693,2.3423638211383677
2694,3.1737560398433167
2695,2.522607599897007
2696,2.66943874298843
2697,1.975274898490816
2698,2.51794748989472
2699,3.258949380732856
2700,2.982398932171313
2701,2.4738028419350644
2702,1.5019279699308803
2703,2.368918329028661
2704,1.948064825489746
2705,2.1945537758249083
2706,2.5718517034740223
2707,2.6867521811245023
2708,2.414594974969756
2709,2.424500358146892
2710,2.677899813914258
2711,2.8380113050778126
2712,1.6930961488348573
2713,2.7670897151800435
2714,3.288034481008274
2715,2.319565332244482
2716,2.2752144502496985
2717,4.322641349802415
2718,2.5824228671185745
2719,2.4231519387142004
2720,2.299018637316168
2721,2.4997539794745887
2722,1.4830058845650207
2723,2.53786016787767
2724,1.528184606325305
2725,2.638911949685051
2726,2.701570055481054
2727,2.2751028271161107
2728,2.5536603967231857
2729,2.588313510021782
2730,2.961687636094138
2731,2.5396540465470934
2732,2.925814635740041
2733,2.4203654373828494
2734,2.6708821592972614
2735,2.6659712099145567
2736,2.472788052160706
2737,2.4783861728556067
2738,2.5755748109808643
2739,2.985391166757602
2740,2.3256715814985864
2741,3.378118670352088
2742,2.310386384303029
2743,2.470849309074018
2744,2.521862731568456
2745,2.217015174381244
2746,1.8689502829393665
2747,2.5883271009955084
2748,2.5046326312110683
2749,2.5247318431115064
2750,2.392512982981279
2751,2.6159780107971087
2752,2.1803796370671398
2753,2.5781205365945654
2754,4.054897275323581
2755,2.5757268025887523
2756,3.321854742971577
2757,2.373858949106564
2758,2.562004159962159
2759,2.738403517376592
2760,2.4870087748545484
2761,2.556768958346749
2762,2.497404201279527
2763,2.9563376898370226
2764,1.663447566653918
2765,2.640439699182125
2766,2.524448702635928
2767,2.5861671376928745
2768,2.512906610635831
2769,2.562497009752636
2770,2.393995980648697
2771,2.6497594232206683
2772,4.213694015882255
2773,2.4497827318872845
2774,3.4817036012046643
2775,3.89366700786455
2776,2.398723790480995
2777,2.588406506080185
2778,2.95761727901772
2779,2.1847090059229397
2780,2.396859316140571
2781,2.538874343802502
2782,1.628636258644103
2783,2.64091561142905
2784,2.272675408896597
2785,2.6162248759627715
2786,2.487621121892828
2787,2.658090606611738
2788,2.310956045340177
2789,2.3334065638245263
2790,2.648615957799563
2791,1.83262164082948
2792,2.3125863171325944
2793,3.659710403625722
2794,2.3795745178097327
2795,2.331726883234766
2796,2.4741226681791355
2797,1.8342556968178272
2798,2.6744628957674164
2799,2.860769739447818
2800,2.300108608951155
2801,2.791371211272188
2802,3.329780347721064
2803,3.038370396555879
2804,1.882169550539028
2805,2.5947994768663105
2806,2.569313153341378
2807,2.63428092790852
2808,2.5766419822638253
2809,2.525327856604372
2810,2.8358228336167173
2811,2.502419306204948
2812,3.6660336139362304
2813,3.322568999689744
2814,2.565532913284307
2815,2.4727766957667487
2816,3.978273128516871
2817,5.278834124883744
2818,2.370896918685847
2819,2.736130104585621
2820,2.5155694316026507
2821,2.522021950155995
2822,3.156261027987255
2823,2.548654716914244
2824,2.9448055476185897
2825,2.6042802486340952
2826,2.4355809587981807
2827,2.7586497749569845
2828,2.8761391194146206
2829,2.649993780412768
2830,2.521775680265053
2831,2.822801981088922
2832,2.7489892693862203
2833,2.756489049224218
2834,2.59941729158812
2835,2.612292304843039
2836,2.8713247148333805
2837,3.141305247083898
2838,2.6555818674046057
2839,2.5717340366996075
2840,2.282177322698301
2841,2.536594134820497
2842,2.762015203382209
2843,2.59465893516362
2844,2.49126609289204
2845,2.0169947715321954
2846,3.511046462360273
2847,2.668214087876549
2848,2.515172849899498
2849,2.993858796196238
2850,3.7666691136519823
2851,1.6292711917139011
2852,1.5159352555973256
2853,1.800801160056616
2854,2.5570564676745606
2855,1.4970731919624982
2856,2.532557419586814
2857,2.3296629319055127
2858,2.562944409172455
2859,1.8027985253696024
2860,2.5036586323524905
2861,2.273905794512097
2862,3.3357224929181344
2863,2.542051331008094
2864,4.325190772629181
2865,1.4969387654475117
2866,2.512633193718426
2867,2.7932106439918267
2868,2.5551297420766987
2869,2.575693694009164
2870,2.559957294441104
2871,2.4312565615006045
2872,2.226892901987748
2873,1.634249594855442
2874,2.8018422833472854
2875,1.649836126201652
2876,3.33507183110071
2877,1.5200374122748783
2878,2.5560388463718438
2879,2.54146306804749
2880,2.173638460781823
2881,2.539425894512704
2882,2.294890624377313
2883,2.349735294402977
2884,2.510371693400276
2885,4.260560812477077
2886,2.439554398154971
2887,2.550274898936814
2888,2.601747634417103
2889,2.4248472179174354
2890,2.450287286837205
2891,3.6142029343364968
2892,1.9927865329386905
2893,2.5668882665312838
2894,2.507251402774719
2895,2.5333933268204585
2896,2.0918892034093983
2897,2.551738925840123
2898,2.5709159417137952
2899,2.6423546354433087
2900,3.0154100523467355
2901,2.448660895069885
2902,2.565194290239486
2903,2.5810035467731205
2904,2.5434419229638734
2905,2.579245668699531
2906,2.611806227815272
2907,2.900283845597628
2908,4.113346333348514
2909,2.9006355776381327
2910,2.624794593180194
2911,4.165119993698487
2912,3.9310776672262304
2913,2.461202141065367
2914,2.572673027800726
2915,2.5537139372600284
2916,2.6262189955434923
2917,2.6432430714290494
2918,2.41135496185279
2919,2.647367795975178
2920,1.834346835412424
2921,2.9403627007107533
2922,4.335488510415946
2923,5.388886286677451
2924,2.707876135335128
2925,2.533565352210568
2926,1.7069042949057416
2927,2.635370557392985
2928,2.691144748505121
2929,2.7242343481900817
2930,2.624868133201768
2931,2.5947594427636687
2932,2.5676944412402625
2933,2.5880991611198074
2934,2.7688748185307483
2935,3.939335387181101
2936,2.5251751016846846
2937,2.99445266122576
2938,2.6826001889302216
2939,3.1996958138759246
2940,2.677113033111954
2941,2.198979158406628
2942,4.162442371432604
2943,2.945120565903718
2944,2.658088098818411
2945,2.648814066873214
2946,2.783968173936774
2947,3.01336857278119
2948,4.0653061696052415
2949,3.750734859037277
2950,2.6501626516446537
2951,2.658977585555484
2952,1.7729397738513255
2953,2.125937328122806
2954,3.1975334192535643
2955,3.1908267887709165
2956,3.090699947313308
2957,1.6532121667577078
2958,3.4495976729700337
2959,2.54045804753216
