,Mass
0,-0.5376020021010439
1,-0.494850021680094
2,-0.4814860601221125
3,-0.4559319556497244
4,-0.4089353929735008
5,-0.38721614328026455
6,-0.3467874862246563
7,-0.3279021420642826
8,-0.3187587626244128
9,-0.026872146400301365
10,-0.01322826573375516
11,0.04921802267018165
12,-0.22914798835785583
13,-0.045757490560675115
14,-0.431798275933005
15,-0.27572413039921095
16,-0.26760624017703144
17,-0.24412514432750865
18,-0.12493873660829995
19,-0.01322826573375516
20,-0.004364805402450088
21,0.02530586526477026
22,-0.4559319556497244
23,-0.42021640338318983
24,-0.36653154442041347
25,-0.1804560644581313
26,-0.026872146400301365
27,0.0
28,0.10380372095595687
29,-0.494850021680094
30,-0.42021640338318983
31,-0.12493873660829995
32,-0.07572071393811836
33,0.08278537031645007
34,-0.5086383061657274
35,-0.38721614328026455
36,-0.036212172654444715
37,-0.004364805402450088
38,0.06069784035361165
39,-0.44369749923271273
40,-0.37675070960209955
41,-0.3187587626244128
42,-0.3098039199714863
43,-0.27572413039921095
44,-0.24412514432750865
45,-0.22914798835785583
46,-0.12493873660829995
47,-0.10237290870955855
48,-0.07572071393811836
49,-0.07058107428570728
50,-0.060480747381381476
51,-0.619788758288394
52,-0.494850021680094
53,-0.3467874862246563
54,-0.23657200643706275
55,-0.17392519729917355
56,-0.1366771398795441
57,0.08990511143939793
58,0.2304489213782739
59,0.3344537511509309
60,-0.4814860601221125
61,-0.3565473235138126
62,-0.3279021420642826
63,-0.3098039199714863
64,-0.28399665636520083
65,-0.27572413039921095
66,-0.27572413039921095
67,0.17609125905568124
68,-0.25181197299379954
69,-0.44369749923271273
70,-0.42021640338318983
71,-0.42021640338318983
72,-0.36653154442041347
73,-0.28399665636520083
74,-0.1938200260161128
75,-0.14874165128092473
76,-0.08092190762392612
77,-0.44369749923271273
78,-0.42021640338318983
79,-0.4089353929735008
80,-0.3979400086720376
81,-0.3565473235138126
82,-0.3279021420642826
83,-0.26760624017703144
84,-0.2596373105057561
85,-0.2596373105057561
86,-0.20760831050174613
87,-0.2006594505464183
88,-0.17392519729917355
89,-0.16749108729376366
90,-0.14874165128092473
91,-0.10790539730951958
92,-0.09691001300805639
93,-0.09691001300805639
94,0.09342168516223506
95,-0.4814860601221125
96,-0.44369749923271273
97,-0.431798275933005
98,-0.3565473235138126
99,-0.3279021420642826
100,-0.2924298239020636
101,-0.22914798835785583
102,-0.18708664335714442
103,-0.1804560644581313
104,-0.16115090926274472
105,-0.16115090926274472
106,-0.12493873660829995
107,-0.11918640771920865
108,-0.3979400086720376
109,-0.3187587626244128
110,-0.2596373105057561
111,-0.23657200643706275
112,-0.026872146400301365
113,-0.022276394711152253
114,-0.14874165128092473
115,-0.3565473235138126
116,-0.28399665636520083
117,-0.27572413039921095
118,-0.27572413039921095
119,-0.14874165128092473
120,-0.5228787452803376
121,-0.060480747381381476
122,-0.42021640338318983
123,-0.4089353929735008
124,-0.36653154442041347
125,-0.3279021420642826
126,-0.3187587626244128
127,-0.27572413039921095
128,-0.24412514432750865
129,-0.20760831050174613
130,-0.431798275933005
131,-0.2218487496163564
132,-0.21467016498923297
133,-0.3098039199714863
134,-0.44369749923271273
135,-0.4089353929735008
136,-0.3979400086720376
137,-0.37675070960209955
138,-0.3279021420642826
139,-0.3279021420642826
140,-0.28399665636520083
141,-0.25181197299379954
142,-0.20760831050174613
143,-0.1804560644581313
144,-0.16115090926274472
145,-0.11918640771920865
146,-0.05060999335508721
147,0.03342375548694973
148,-0.08618614761628333
149,-0.4089353929735008
150,-0.3979400086720376
151,-0.3979400086720376
152,-0.38721614328026455
153,-0.3467874862246563
154,-0.3467874862246563
155,-0.3279021420642826
156,-0.20760831050174613
157,-0.1804560644581313
158,-0.16749108729376366
159,-0.16115090926274472
160,-0.16115090926274472
161,-0.09691001300805639
162,-0.09151498112135022
163,-0.05060999335508721
164,0.004321373782642578
165,0.11394335230683679
166,-0.09151498112135022
167,-0.42021640338318983
168,-0.3010299956639812
169,-0.2596373105057561
170,-0.17392519729917355
171,-0.1549019599857432
172,-0.11350927482751812
173,-0.022276394711152253
174,0.07188200730612536
175,0.07918124604762482
176,-0.37675070960209955
177,-0.26760624017703144
178,-0.3467874862246563
179,-0.3010299956639812
180,-0.3010299956639812
181,-0.3010299956639812
182,-0.28399665636520083
183,-0.2596373105057561
184,-0.1804560644581313
185,-0.11918640771920865
186,-0.026872146400301365
187,-0.022276394711152253
188,0.021189299069938092
189,0.06445798922691845
190,-0.18708664335714442
191,-0.3979400086720376
192,-0.3372421683184259
193,-0.3187587626244128
194,-0.2924298239020636
195,-0.2218487496163564
196,-0.1366771398795441
197,-0.060480747381381476
198,-0.036212172654444715
199,-0.004364805402450088
200,0.11727129565576427
201,-0.18708664335714442
202,-0.1366771398795441
203,-0.3372421683184259
204,-0.2596373105057561
205,-0.23657200643706275
206,-0.16749108729376366
207,-0.1366771398795441
208,-0.07058107428570728
209,-0.040958607678906384
210,-0.03151705144606486
211,0.11727129565576427
212,-0.3565473235138126
213,-0.10237290870955855
214,-0.38721614328026455
215,-0.38721614328026455
216,-0.37675070960209955
217,-0.3467874862246563
218,-0.3372421683184259
219,-0.3279021420642826
220,-0.3098039199714863
221,-0.26760624017703144
222,-0.16749108729376366
223,-0.16115090926274472
224,-0.1366771398795441
225,-0.05060999335508721
226,0.04139268515822508
227,-0.585026652029182
228,-0.4559319556497244
229,-0.3098039199714863
230,-0.3979400086720376
231,-0.38721614328026455
232,-0.36653154442041347
233,-0.3279021420642826
234,-0.3187587626244128
235,-0.26760624017703144
236,-0.24412514432750865
237,-0.22914798835785583
238,-0.17392519729917355
239,-0.16115090926274472
240,-0.026872146400301365
241,0.03342375548694973
242,0.22010808804005508
243,-0.3979400086720376
244,-0.26760624017703144
245,-0.3010299956639812
246,-0.25181197299379954
247,-0.24412514432750865
248,-0.20760831050174613
249,-0.10790539730951958
250,-0.09691001300805639
251,0.0
252,-0.36653154442041347
253,-0.3565473235138126
254,-0.3187587626244128
255,-0.22914798835785583
256,-0.2218487496163564
257,-0.2006594505464183
258,-0.16115090926274472
259,-0.11918640771920865
260,0.00860017176191757
261,0.06445798922691845
262,-0.494850021680094
263,-0.3279021420642826
264,-0.3187587626244128
265,-0.2924298239020636
266,-0.25181197299379954
267,-0.20760831050174613
268,-0.17392519729917355
269,-0.11350927482751812
270,-0.07058107428570728
271,0.12057393120584989
272,0.17609125905568124
273,-0.494850021680094
274,-0.2006594505464183
275,-0.37675070960209955
276,-0.3279021420642826
277,-0.2924298239020636
278,-0.2924298239020636
279,-0.25181197299379954
280,-0.1938200260161128
281,-0.18708664335714442
282,-0.14874165128092473
283,-0.12493873660829995
284,-0.12493873660829995
285,-0.017728766960431602
286,-0.01322826573375516
287,0.1367205671564068
288,-0.3279021420642826
289,-0.3279021420642826
290,-0.2924298239020636
291,-0.21467016498923297
292,-0.18708664335714442
293,-0.17392519729917355
294,-0.13076828026902382
295,-0.017728766960431602
296,-0.494850021680094
297,-0.37675070960209955
298,-0.3187587626244128
299,-0.28399665636520083
300,-0.27572413039921095
301,-0.21467016498923297
302,-0.2006594505464183
303,-0.18708664335714442
304,-0.16749108729376366
305,-0.036212172654444715
306,-0.004364805402450088
307,0.05690485133647256
308,-0.3565473235138126
309,-0.2006594505464183
310,-0.06550154875643228
311,-0.3565473235138126
312,-0.28399665636520083
313,-0.23657200643706275
314,-0.23657200643706275
315,-0.026872146400301365
316,-0.10237290870955855
317,-0.37675070960209955
318,-0.26760624017703144
319,-0.2218487496163564
320,-0.16115090926274472
321,-0.05060999335508721
322,-0.28399665636520083
323,-0.2924298239020636
324,-0.2596373105057561
325,-0.23657200643706275
326,-0.08618614761628333
327,-0.07572071393811836
328,-0.06550154875643228
329,-0.01322826573375516
330,0.004321373782642578
331,0.029383777685209667
332,-0.3010299956639812
333,-0.22914798835785583
334,-0.1938200260161128
335,-0.18708664335714442
336,-0.11350927482751812
337,-0.10237290870955855
338,-0.026872146400301365
339,-0.004364805402450088
340,0.11727129565576427
341,-0.07572071393811836
342,-0.3467874862246563
343,-0.3010299956639812
344,-0.28399665636520083
345,-0.27572413039921095
346,-0.14266750356873156
347,-0.07572071393811836
348,0.04921802267018165
349,0.22530928172586284
350,-0.07572071393811836
351,-0.06550154875643228
352,-0.24412514432750865
353,-0.3187587626244128
354,-0.27572413039921095
355,-0.23657200643706275
356,-0.2218487496163564
357,-0.16749108729376366
358,-0.16115090926274472
359,-0.060480747381381476
360,0.021189299069938092
361,0.03342375548694973
362,0.17318626841227402
363,-0.431798275933005
364,-0.3979400086720376
365,-0.14874165128092473
366,-0.05551732784983137
367,-0.3098039199714863
368,-0.28399665636520083
369,-0.17392519729917355
370,-0.06550154875643228
371,0.00860017176191757
372,0.08635983067474821
373,-0.20760831050174613
374,-0.11350927482751812
375,-0.2218487496163564
376,-0.1938200260161128
377,-0.1366771398795441
378,-0.09691001300805639
379,-0.036212172654444715
380,-0.06550154875643228
381,-0.3010299956639812
382,-0.28399665636520083
383,-0.27572413039921095
384,-0.2596373105057561
385,-0.25181197299379954
386,-0.24412514432750865
387,-0.10237290870955855
388,-0.022276394711152253
389,0.00860017176191757
390,0.045322978786657475
391,-0.3010299956639812
392,-0.3098039199714863
393,-0.3010299956639812
394,-0.3010299956639812
395,-0.26760624017703144
396,-0.26760624017703144
397,-0.26760624017703144
398,-0.25181197299379954
399,-0.23657200643706275
400,-0.14874165128092473
401,-0.14266750356873156
402,-0.1366771398795441
403,-0.10790539730951958
404,-0.07058107428570728
405,-0.03151705144606486
406,0.037426497940623665
407,-0.3187587626244128
408,-0.27572413039921095
409,-0.11350927482751812
410,-0.036212172654444715
411,-0.28399665636520083
412,-0.3187587626244128
413,-0.3098039199714863
414,-0.26760624017703144
415,-0.24412514432750865
416,-0.21467016498923297
417,-0.1938200260161128
418,-0.08092190762392612
419,-0.040958607678906384
420,-0.00877392430750515
421,0.0
422,-0.20760831050174613
423,-0.09691001300805639
424,-0.09151498112135022
425,0.0
426,-0.4559319556497244
427,-0.3010299956639812
428,-0.28399665636520083
429,-0.25181197299379954
430,-0.2596373105057561
431,-0.16115090926274472
432,-0.1549019599857432
433,-0.11918640771920865
434,-0.07572071393811836
435,-0.07572071393811836
436,0.037426497940623665
437,0.17026171539495738
438,-0.2006594505464183
439,-0.18708664335714442
440,-0.2924298239020636
441,-0.2596373105057561
442,-0.2218487496163564
443,-0.09151498112135022
444,-0.07058107428570728
445,-0.060480747381381476
446,-0.045757490560675115
447,-0.3098039199714863
448,-0.3010299956639812
449,-0.28399665636520083
450,-0.26760624017703144
451,-0.2218487496163564
452,-0.13076828026902382
453,-0.10237290870955855
454,-0.09691001300805639
455,0.05690485133647256
456,-0.3098039199714863
457,-0.2218487496163564
458,-0.14874165128092473
459,-0.12493873660829995
460,-0.040958607678906384
461,-0.036212172654444715
462,-0.01322826573375516
463,0.07554696139253074
464,-0.27572413039921095
465,-0.26760624017703144
466,-0.045757490560675115
467,-0.045757490560675115
468,0.15836249209524964
469,-0.4559319556497244
470,-0.3098039199714863
471,-0.2924298239020636
472,-0.24412514432750865
473,-0.23657200643706275
474,-0.22914798835785583
475,-0.1366771398795441
476,-0.09151498112135022
477,0.04139268515822508
478,0.05690485133647256
479,0.06445798922691845
480,-0.2924298239020636
481,-0.26760624017703144
482,-0.1549019599857432
483,-0.13076828026902382
484,-0.09151498112135022
485,-0.3098039199714863
486,-0.25181197299379954
487,-0.3098039199714863
488,-0.2924298239020636
489,-0.28399665636520083
490,-0.18708664335714442
491,-0.17392519729917355
492,-0.17392519729917355
493,-0.09691001300805639
494,-0.07572071393811836
495,-0.036212172654444715
496,-0.28399665636520083
497,-0.25181197299379954
498,-0.2218487496163564
499,-0.21467016498923297
500,-0.17392519729917355
501,-0.16749108729376366
502,-0.16749108729376366
503,-0.07058107428570728
504,0.00860017176191757
505,0.021189299069938092
506,0.06069784035361165
507,-0.3979400086720376
508,-0.3098039199714863
509,-0.2924298239020636
510,-0.28399665636520083
511,-0.1938200260161128
512,-0.14266750356873156
513,-0.11918640771920865
514,-0.10237290870955855
515,-0.08618614761628333
516,-0.07058107428570728
517,-0.036212172654444715
518,-0.00877392430750515
519,-0.004364805402450088
520,0.07188200730612536
521,0.14921911265537988
522,-0.25181197299379954
523,-0.20760831050174613
524,-0.05060999335508721
525,-0.05060999335508721
526,-0.040958607678906384
527,-0.26760624017703144
528,-0.2006594505464183
529,-0.1549019599857432
530,-0.060480747381381476
531,-0.20760831050174613
532,-0.16749108729376366
533,-0.16115090926274472
534,-0.14874165128092473
535,-0.08618614761628333
536,-0.01322826573375516
537,0.01703333929878037
538,0.1367205671564068
539,0.14921911265537988
540,-0.3979400086720376
541,-0.20760831050174613
542,-0.24412514432750865
543,-0.23657200643706275
544,-0.20760831050174613
545,-0.11918640771920865
546,-0.09151498112135022
547,-0.28399665636520083
548,0.021189299069938092
549,-0.26760624017703144
550,-0.26760624017703144
551,-0.2596373105057561
552,-0.24412514432750865
553,-0.2006594505464183
554,-0.1938200260161128
555,-0.18708664335714442
556,-0.16115090926274472
557,-0.1549019599857432
558,-0.11350927482751812
559,-0.036212172654444715
560,0.004321373782642578
561,-0.3979400086720376
562,-0.2218487496163564
563,-0.24412514432750865
564,-0.1938200260161128
565,-0.07572071393811836
566,-0.05551732784983137
567,0.08635983067474821
568,0.13033376849500614
569,-0.3010299956639812
570,-0.25181197299379954
571,-0.14874165128092473
572,-0.26760624017703144
573,-0.26760624017703144
574,-0.24412514432750865
575,-0.21467016498923297
576,-0.1938200260161128
577,-0.13076828026902382
578,-0.07572071393811836
579,-0.06550154875643228
580,0.004321373782642578
581,0.01703333929878037
582,0.05307844348341968
583,0.07554696139253074
584,-0.3098039199714863
585,-0.26760624017703144
586,-0.23657200643706275
587,-0.22914798835785583
588,-0.17392519729917355
589,-0.16749108729376366
590,-0.14266750356873156
591,-0.1366771398795441
592,-0.11350927482751812
593,-0.10237290870955855
594,-0.08092190762392612
595,-0.07058107428570728
596,-0.040958607678906384
597,-0.040958607678906384
598,-0.03151705144606486
599,0.021189299069938092
600,0.037426497940623665
601,0.1367205671564068
602,-0.37675070960209955
603,-0.036212172654444715
604,-0.23657200643706275
605,-0.17392519729917355
606,-0.16115090926274472
607,-0.10790539730951958
608,-0.036212172654444715
609,0.00860017176191757
610,0.04921802267018165
611,-0.23657200643706275
612,-0.2006594505464183
613,-0.12493873660829995
614,-0.10790539730951958
615,-0.09151498112135022
616,-0.01322826573375516
617,0.0
618,0.04139268515822508
619,-0.24412514432750865
620,-0.22914798835785583
621,-0.2006594505464183
622,-0.10237290870955855
623,-0.045757490560675115
624,-0.3098039199714863
625,-0.25181197299379954
626,-0.1366771398795441
627,-0.11350927482751812
628,-0.09691001300805639
629,-0.026872146400301365
630,-0.004364805402450088
631,-0.12493873660829995
632,-0.20760831050174613
633,-0.1938200260161128
634,-0.07572071393811836
635,0.05690485133647256
636,-0.18708664335714442
637,-0.17392519729917355
638,-0.10237290870955855
639,-0.08618614761628333
640,-0.17392519729917355
641,-0.16749108729376366
642,-0.14874165128092473
643,-0.10237290870955855
644,-0.10237290870955855
645,-0.05551732784983137
646,-0.03151705144606486
647,-0.27572413039921095
648,-0.24412514432750865
649,-0.18708664335714442
650,-0.1366771398795441
651,-0.13076828026902382
652,-0.07572071393811836
653,-0.00877392430750515
654,-0.10237290870955855
655,-0.036212172654444715
656,-0.20760831050174613
657,0.00860017176191757
658,-0.22914798835785583
659,-0.05551732784983137
660,-0.036212172654444715
661,0.15836249209524964
662,-0.3565473235138126
663,-0.11350927482751812
664,-0.24412514432750865
665,-0.1549019599857432
666,-0.08092190762392612
667,-0.11350927482751812
668,-0.2596373105057561
669,-0.16749108729376366
670,-0.06550154875643228
671,-0.3565473235138126
672,-0.22914798835785583
673,-0.1366771398795441
674,-0.10237290870955855
675,-0.23657200643706275
676,-0.2218487496163564
677,-0.21467016498923297
678,-0.10237290870955855
679,-0.026872146400301365
680,-0.3565473235138126
681,-0.12493873660829995
682,-0.07572071393811836
683,-0.06550154875643228
684,-0.25181197299379954
685,-0.1804560644581313
686,-0.14874165128092473
687,-0.14266750356873156
688,-0.09691001300805639
689,-0.08092190762392612
690,-0.022276394711152253
691,-0.017728766960431602
692,-0.18708664335714442
693,-0.2596373105057561
694,-0.20760831050174613
695,-0.2006594505464183
696,-0.18708664335714442
697,-0.18708664335714442
698,-0.1804560644581313
699,-0.17392519729917355
700,-0.16115090926274472
701,-0.09691001300805639
702,-0.01322826573375516
703,0.05690485133647256
704,-0.3010299956639812
705,-0.1549019599857432
706,-0.17392519729917355
707,-0.11918640771920865
708,-0.26760624017703144
709,-0.25181197299379954
710,-0.07572071393811836
711,0.03342375548694973
712,0.06445798922691845
713,-0.2596373105057561
714,-0.25181197299379954
715,-0.23657200643706275
716,-0.026872146400301365
717,-0.022276394711152253
718,0.00860017176191757
719,0.06818586174616162
720,0.08278537031645007
721,-0.20760831050174613
722,-0.10237290870955855
723,-0.10237290870955855
724,-0.07572071393811836
725,-0.24412514432750865
726,-0.2218487496163564
727,-0.24412514432750865
728,-0.11350927482751812
729,-0.10237290870955855
730,0.00860017176191757
731,-0.3279021420642826
732,-0.22914798835785583
733,-0.23657200643706275
734,-0.18708664335714442
735,-0.16749108729376366
736,0.03342375548694973
737,0.07554696139253074
738,-0.13076828026902382
739,-0.10237290870955855
740,-0.20760831050174613
741,-0.16749108729376366
742,-0.12493873660829995
743,-0.24412514432750865
744,-0.18708664335714442
745,-0.17392519729917355
746,-0.14874165128092473
747,-0.1366771398795441
748,0.05307844348341968
749,-0.22914798835785583
750,-0.18708664335714442
751,-0.07572071393811836
752,-0.24412514432750865
753,-0.3565473235138126
754,-0.24412514432750865
755,-0.20760831050174613
756,-0.11350927482751812
757,-0.036212172654444715
758,0.029383777685209667
759,0.05307844348341968
760,-0.24412514432750865
761,-0.2218487496163564
762,-0.13076828026902382
763,-0.060480747381381476
764,0.021189299069938092
765,0.07554696139253074
766,-0.045757490560675115
767,-0.1549019599857432
768,-0.045757490560675115
769,-0.040958607678906384
770,-0.00877392430750515
771,0.04921802267018165
772,0.08990511143939793
773,0.08990511143939793
774,-0.18708664335714442
775,-0.07572071393811836
776,-0.017728766960431602
777,0.04139268515822508
778,0.1673173347481761
779,-0.3098039199714863
780,-0.2218487496163564
781,-0.1366771398795441
782,-0.10237290870955855
783,-0.08618614761628333
784,-0.07572071393811836
785,-0.060480747381381476
786,-0.022276394711152253
787,0.029383777685209667
788,0.08990511143939793
789,-0.28399665636520083
790,-0.2006594505464183
791,-0.14266750356873156
792,-0.03151705144606486
793,-0.022276394711152253
794,0.0
795,0.14301480025409505
796,-0.3279021420642826
797,-0.1804560644581313
798,-0.1366771398795441
799,-0.12493873660829995
800,-0.21467016498923297
801,-0.11350927482751812
802,-0.060480747381381476
803,-0.017728766960431602
804,-0.24412514432750865
805,-0.11350927482751812
806,-0.3010299956639812
807,-0.21467016498923297
808,-0.16749108729376366
809,-0.14266750356873156
810,-0.022276394711152253
811,-0.022276394711152253
812,0.06445798922691845
813,-0.3010299956639812
814,-0.18708664335714442
815,-0.09151498112135022
816,-0.07572071393811836
817,-0.045757490560675115
818,0.00860017176191757
819,0.029383777685209667
820,-0.1804560644581313
821,-0.07572071393811836
822,-0.21467016498923297
823,-0.1938200260161128
824,-0.3098039199714863
825,-0.3010299956639812
826,-0.14266750356873156
827,-0.07572071393811836
828,-0.03151705144606486
829,0.11727129565576427
830,-0.2006594505464183
831,-0.07572071393811836
832,-0.036212172654444715
833,-0.24412514432750865
834,-0.22914798835785583
835,-0.16749108729376366
836,-0.16749108729376366
837,-0.1549019599857432
838,-0.14874165128092473
839,-0.00877392430750515
840,-0.1549019599857432
841,-0.09151498112135022
842,-0.060480747381381476
843,-0.036212172654444715
844,-0.21467016498923297
845,-0.10790539730951958
846,-0.07058107428570728
847,-0.06550154875643228
848,-0.017728766960431602
849,-0.3010299956639812
850,-0.23657200643706275
851,-0.1366771398795441
852,0.0
853,-0.1549019599857432
854,-0.10237290870955855
855,-0.2006594505464183
856,-0.14874165128092473
857,-0.09151498112135022
858,-0.22914798835785583
859,-0.1366771398795441
860,-0.13076828026902382
861,-0.07572071393811836
862,-0.022276394711152253
863,-0.24412514432750865
864,-0.10237290870955855
865,-0.05551732784983137
866,-0.06550154875643228
867,-0.07572071393811836
868,-0.06550154875643228
869,-0.07058107428570728
870,0.0
871,0.045322978786657475
872,0.08635983067474821
873,-0.22914798835785583
874,-0.1366771398795441
875,-0.06550154875643228
876,-0.14266750356873156
877,-0.10237290870955855
878,-0.05551732784983137
879,-0.026872146400301365
880,-0.017728766960431602
881,0.13353890837021754
882,-0.18708664335714442
883,-0.1366771398795441
884,-0.12493873660829995
885,-0.017728766960431602
886,0.0
887,-0.28399665636520083
888,-0.16749108729376366
889,-0.07572071393811836
890,-0.1938200260161128
891,-0.17392519729917355
892,-0.036212172654444715
893,-0.18708664335714442
894,-0.05060999335508721
895,-0.21467016498923297
896,-0.2006594505464183
897,-0.2006594505464183
898,-0.18708664335714442
899,-0.017728766960431602
900,0.10720996964786837
901,-0.14874165128092473
902,-0.12493873660829995
903,-0.2218487496163564
904,-0.16749108729376366
905,0.00860017176191757
906,-0.2006594505464183
907,-0.08618614761628333
908,-0.1366771398795441
909,-0.060480747381381476
910,-0.2006594505464183
911,-0.14266750356873156
912,-0.25181197299379954
913,-0.18708664335714442
914,-0.07572071393811836
915,-0.11350927482751812
916,-0.09151498112135022
917,-0.26760624017703144
918,-0.045757490560675115
919,-0.1938200260161128
920,-0.11350927482751812
921,-0.28399665636520083
922,-0.08618614761628333
923,-0.060480747381381476
924,-0.1938200260161128
925,-0.1804560644581313
926,-0.1549019599857432
927,-0.07572071393811836
928,-0.045757490560675115
929,0.021189299069938092
930,-0.16749108729376366
931,-0.11350927482751812
932,-0.10237290870955855
933,-0.07572071393811836
934,-0.05551732784983137
935,-0.18708664335714442
936,-0.1549019599857432
937,-0.14874165128092473
938,0.05307844348341968
939,-0.22914798835785583
940,-0.004364805402450088
941,0.12057393120584989
942,-0.3010299956639812
943,-0.1549019599857432
944,-0.12493873660829995
945,-0.2218487496163564
946,-0.045757490560675115
947,-0.20760831050174613
948,-0.10237290870955855
949,0.0
950,0.06818586174616162
951,0.07188200730612536
952,-0.07572071393811836
953,-0.05551732784983137
954,-0.24412514432750865
955,-0.09151498112135022
956,-0.08618614761628333
957,-0.17392519729917355
958,-0.10790539730951958
959,-0.09691001300805639
960,-0.036212172654444715
961,-0.03151705144606486
962,0.12385164096708581
963,-0.2006594505464183
964,-0.036212172654444715
965,-0.10790539730951958
966,-0.07572071393811836
967,0.08635983067474821
968,-0.22914798835785583
969,-0.13076828026902382
970,0.029383777685209667
971,-0.14874165128092473
972,-0.1549019599857432
973,-0.14874165128092473
974,-0.022276394711152253
975,0.004321373782642578
976,0.029383777685209667
977,-0.2218487496163564
978,-0.1549019599857432
979,-0.09151498112135022
980,-0.07572071393811836
981,-0.11918640771920865
982,-0.10790539730951958
983,-0.1804560644581313
984,-0.11918640771920865
985,-0.14266750356873156
986,-0.16749108729376366
987,-0.08618614761628333
988,-0.07572071393811836
989,0.04921802267018165
990,-0.26760624017703144
991,-0.25181197299379954
992,-0.1804560644581313
993,-0.26760624017703144
994,-0.1549019599857432
995,-0.10237290870955855
996,-0.27572413039921095
997,-0.20760831050174613
998,-0.07058107428570728
999,0.07918124604762482
1000,-0.2218487496163564
1001,0.05690485133647256
1002,-0.11350927482751812
1003,-0.05551732784983137
1004,-0.10790539730951958
1005,-0.1804560644581313
1006,-0.08618614761628333
1007,-0.25181197299379954
1008,-0.18708664335714442
1009,-0.16749108729376366
1010,-0.26760624017703144
1011,-0.2218487496163564
1012,-0.09151498112135022
1013,-0.05551732784983137
1014,-0.13076828026902382
1015,-0.09691001300805639
1016,0.029383777685209667
1017,0.04139268515822508
1018,0.05307844348341968
1019,-0.11350927482751812
1020,-0.036212172654444715
1021,-0.16115090926274472
1022,-0.00877392430750515
1023,-0.05060999335508721
1024,-0.1804560644581313
1025,-0.1804560644581313
1026,-0.08092190762392612
1027,-0.060480747381381476
1028,-0.2006594505464183
1029,-0.17392519729917355
1030,0.004321373782642578
1031,0.04921802267018165
1032,-0.24412514432750865
1033,-0.09151498112135022
1034,-0.03151705144606486
1035,-0.1938200260161128
1036,-0.11350927482751812
1037,-0.1366771398795441
1038,0.02530586526477026
1039,-0.05551732784983137
1040,-0.25181197299379954
1041,-0.2218487496163564
1042,-0.05551732784983137
1043,-0.036212172654444715
1044,-0.2218487496163564
1045,0.09342168516223506
1046,0.06818586174616162
1047,-0.1366771398795441
1048,-0.06550154875643228
1049,0.04921802267018165
1050,-0.05060999335508721
1051,-0.045757490560675115
1052,0.0
1053,-0.20760831050174613
1054,-0.11350927482751812
1055,-0.1366771398795441
1056,-0.05551732784983137
1057,-0.22914798835785583
1058,-0.14874165128092473
1059,-0.05551732784983137
1060,-0.22914798835785583
1061,-0.1804560644581313
1062,-0.16749108729376366
1063,-0.14266750356873156
1064,-0.036212172654444715
1065,-0.16115090926274472
1066,-0.10237290870955855
1067,-0.09691001300805639
1068,-0.060480747381381476
1069,-0.2006594505464183
1070,-0.1804560644581313
1071,-0.14874165128092473
1072,0.037426497940623665
1073,-0.24412514432750865
1074,-0.06550154875643228
1075,-0.03151705144606486
1076,-0.1549019599857432
1077,-0.13076828026902382
1078,-0.11918640771920865
1079,-0.11350927482751812
1080,-0.022276394711152253
1081,-0.22914798835785583
1082,-0.12493873660829995
1083,-0.1804560644581313
1084,-0.10790539730951958
1085,-0.18708664335714442
1086,-0.05551732784983137
1087,-0.040958607678906384
1088,0.004321373782642578
1089,0.0
1090,-0.1366771398795441
1091,-0.08618614761628333
1092,-0.060480747381381476
1093,-0.10790539730951958
1094,-0.1549019599857432
1095,0.08635983067474821
1096,-0.060480747381381476
1097,-0.05060999335508721
1098,0.07918124604762482
1099,-0.09151498112135022
1100,-0.03151705144606486
1101,-0.10790539730951958
1102,-0.17392519729917355
1103,-0.12493873660829995
1104,-0.14874165128092473
1105,-0.040958607678906384
1106,-0.03151705144606486
1107,-0.1549019599857432
1108,-0.24412514432750865
1109,-0.14874165128092473
1110,-0.10790539730951958
1111,-0.11350927482751812
1112,-0.07058107428570728
1113,0.0
1114,0.08990511143939793
1115,-0.13076828026902382
1116,-0.1804560644581313
1117,-0.2218487496163564
1118,-0.1366771398795441
1119,-0.060480747381381476
1120,-0.16115090926274472
1121,-0.14874165128092473
1122,-0.1549019599857432
1123,-0.036212172654444715
1124,-0.22914798835785583
1125,-0.14874165128092473
1126,-0.24412514432750865
1127,-0.12493873660829995
1128,-0.09151498112135022
1129,-0.060480747381381476
1130,-0.20760831050174613
1131,-0.2006594505464183
1132,-0.06550154875643228
1133,-0.05551732784983137
1134,-0.12493873660829995
1135,-0.03151705144606486
1136,-0.18708664335714442
1137,-0.036212172654444715
1138,-0.22914798835785583
1139,-0.05551732784983137
1140,-0.045757490560675115
1141,-0.14266750356873156
1142,-0.08618614761628333
1143,-0.22914798835785583
1144,-0.18708664335714442
1145,-0.14874165128092473
1146,-0.16749108729376366
1147,0.07918124604762482
1148,-0.045757490560675115
1149,-0.2006594505464183
1150,-0.06550154875643228
1151,-0.12493873660829995
1152,-0.05551732784983137
1153,-0.13076828026902382
1154,0.04139268515822508
1155,-0.11350927482751812
1156,-0.036212172654444715
1157,-0.07058107428570728
1158,-0.10237290870955855
1159,-0.036212172654444715
1160,0.037426497940623665
1161,-0.2218487496163564
1162,-0.017728766960431602
1163,-0.14874165128092473
1164,-0.09151498112135022
1165,-0.036212172654444715
1166,-0.08618614761628333
1167,-0.05551732784983137
1168,0.08278537031645007
1169,-0.05551732784983137
1170,-0.1804560644581313
1171,-0.036212172654444715
1172,0.01703333929878037
1173,-0.1366771398795441
1174,-0.11350927482751812
1175,-0.060480747381381476
1176,-0.1366771398795441
1177,-0.06550154875643228
1178,-0.09151498112135022
1179,-0.1549019599857432
1180,-0.13076828026902382
1181,-0.036212172654444715
1182,-0.14874165128092473
1183,-0.10237290870955855
1184,-0.10237290870955855
1185,0.0
1186,-0.16749108729376366
1187,-0.12493873660829995
1188,-0.03151705144606486
1189,-0.07572071393811836
1190,-0.05551732784983137
1191,-0.20760831050174613
1192,-0.2006594505464183
1193,-0.08618614761628333
1194,-0.11350927482751812
1195,-0.14266750356873156
1196,-0.1549019599857432
1197,-0.11350927482751812
1198,-0.12493873660829995
1199,-0.08618614761628333
1200,-0.10237290870955855
1201,-0.1804560644581313
1202,-0.1549019599857432
1203,-0.1549019599857432
1204,-0.1366771398795441
1205,-0.2006594505464183
1206,-0.12493873660829995
1207,-0.10237290870955855
1208,-0.060480747381381476
1209,-0.17392519729917355
1210,-0.14874165128092473
1211,-0.045757490560675115
1212,-0.1804560644581313
1213,-0.060480747381381476
1214,-0.20760831050174613
1215,0.0
1216,-0.2006594505464183
1217,-0.1549019599857432
1218,-0.14874165128092473
1219,-0.1549019599857432
1220,-0.08618614761628333
1221,-0.08618614761628333
1222,-0.12493873660829995
1223,-0.18708664335714442
1224,-0.045757490560675115
1225,-0.14874165128092473
1226,-0.11350927482751812
1227,-0.11350927482751812
1228,-0.08618614761628333
1229,-0.06550154875643228
1230,-0.22914798835785583
1231,-0.14874165128092473
1232,-0.10237290870955855
1233,-0.18708664335714442
1234,-0.18708664335714442
1235,-0.14874165128092473
1236,-0.14874165128092473
1237,-0.05551732784983137
1238,-0.09151498112135022
1239,-0.08618614761628333
1240,-0.05551732784983137
1241,-0.045757490560675115
1242,-0.05551732784983137
1243,-0.1549019599857432
1244,-0.21467016498923297
1245,-0.1366771398795441
1246,-0.14874165128092473
1247,-0.08618614761628333
1248,-0.1804560644581313
1249,-0.03151705144606486
1250,-0.1804560644581313
1251,-0.07572071393811836
1252,-0.09151498112135022
1253,-0.03151705144606486
1254,-0.11918640771920865
1255,-0.16115090926274472
1256,-0.13076828026902382
1257,-0.036212172654444715
1258,-0.08618614761628333
1259,-0.14874165128092473
1260,-0.08618614761628333
1261,-0.036212172654444715
1262,-0.16115090926274472
1263,-0.1804560644581313
1264,-0.040958607678906384
1265,-0.18708664335714442
1266,-0.09691001300805639
1267,-0.1549019599857432
1268,-0.14266750356873156
1269,-0.16115090926274472
1270,-0.09151498112135022
1271,-0.036212172654444715
1272,-0.12493873660829995
1273,-0.13076828026902382
1274,-0.13076828026902382
1275,-0.14266750356873156
1276,-0.11350927482751812
1277,-0.12493873660829995
1278,-0.11350927482751812
1279,-0.11918640771920865
1280,-0.09151498112135022
1281,-0.12493873660829995
1282,-0.09151498112135022
1283,-0.09151498112135022
1284,-0.13076828026902382
1285,-0.11350927482751812
1286,-0.08618614761628333
1287,-0.11350927482751812
1288,-0.08618614761628333
1289,-0.10790539730951958
1290,-0.09691001300805639
1291,-0.10237290870955855
1292,-0.11350927482751812
1293,-0.08618614761628333
1294,-0.09691001300805639
1295,-0.08618614761628333
1296,-0.08618614761628333
1297,-0.08618614761628333
1298,-0.09691001300805639
1299,-0.09151498112135022
1300,-0.08618614761628333
1301,-0.09691001300805639
1302,-0.08618614761628333
1303,-0.08618614761628333
1304,-0.08618614761628333
1305,-0.08618614761628333
1306,-0.08618614761628333
1307,-0.08618614761628333
1308,-0.43191732129418975
1309,-1.2563907696385115
1310,-0.26090037236992353
1311,-0.5182513176443165
1312,-0.4501498158836242
1313,-0.7471996024506232
1314,-0.6281890198878087
1315,-0.8085515280058726
1316,-0.8283507125866137
1317,-0.2601164120389944
1318,-0.6994511725531602
1319,-0.32531851023616454
1320,-0.7107302715610132
1321,-1.1432894748690736
1322,-0.8499638074812402
1323,-1.4679443851922827
1324,-0.2004386613312762
1325,-0.885052238035731
1326,0.05765220604148124
1327,-0.8979661859037098
1328,-0.6516186680796957
1329,-0.608081288105673
1330,-0.7108118249193701
1331,-1.070574489842277
1332,0.20053065855420543
1333,-0.8826746143005552
1334,-0.7541287505265334
1335,0.05879036501355846
1336,-1.0957862626312398
1337,-0.7534899876343318
1338,0.049051415494420825
1339,0.4013454870816751
1340,-0.7093872876742271
1341,-0.657000348291624
1342,-0.7476344026363603
1343,-0.000674931595529484
1344,-0.789731943856496
1345,-0.032965335870278265
1346,-0.727469685272
1347,-0.7410179546987065
1348,-0.7042784382902673
1349,-0.7649520480322084
1350,-0.21665711898673706
1351,-0.812329191114418
1352,-0.7083087376400593
1353,-0.8422487726881022
1354,-0.6434694663425053
1355,-0.6527867002412047
1356,-0.07480281197679531
1357,-0.2985012217393194
1358,-0.743764532142116
1359,0.14693170870709046
1360,-0.8310948192034301
1361,-1.5457861941088737
1362,-0.8790082409549672
1363,-1.6384024573592104
1364,-1.4779870384837333
1365,-1.4784227058648125
1366,-0.7098504553416168
1367,-1.2962052279360485
1368,-0.4325295814046105
1369,-1.0806848959111428
1370,-0.42084370922512077
1371,-1.4986805081020143
1372,-0.2957213841434991
1373,-0.26286304286298046
1374,0.13462308489304825
1375,-0.7272103886398227
1376,0.1350103798423326
1377,0.3195553222261645
1378,-0.8776897989771953
1379,-0.6317823645673285
1380,-0.9049294817479014
1381,-0.6330288702156154
1382,-0.4511304204231321
1383,-0.7883790945814
1384,-0.3568444823140303
1385,-0.9213042298685842
1386,-0.12646832622291904
1387,-0.6421685429263724
1388,-1.1304907940930473
1389,-0.7924617651236281
1390,-1.5311013745426907
1391,-0.45107455995966594
1392,-0.6584385850805263
1393,0.016167337848694868
1394,0.028319611509990843
1395,-0.8379420159508943
1396,-0.5460904195026037
1397,-0.8830402959217576
1398,-1.0337308016745164
1399,-0.2913005603237378
1400,-0.8930998107225969
1401,-1.4306294113268223
1402,-0.7571993128602565
1403,-0.43911168314432086
1404,-0.22466026250725915
1405,0.12093573270334283
1406,-0.6860389146061349
1407,-1.019166042619425
1408,-0.6481725779887135
1409,-1.2150768315404457
1410,-1.4077407236128978
1411,-1.534320016612006
1412,-0.6779886473724002
1413,-0.7185647493121322
1414,-0.6404899784930502
1415,-0.9254854108355782
1416,-0.5311244076097666
1417,-0.17631038543824537
1418,-0.5365881491496699
1419,-0.6766547071595903
1420,-0.7192017024203524
1421,-0.7361431936580121
1422,-0.5458903716796937
1423,-0.7836550678549702
1424,-1.0848899758112018
1425,-0.7432672929081817
1426,-0.3809815507681984
1427,-0.6393512228992944
1428,-0.9779206204419996
1429,-0.9090679464840472
1430,-0.5618901286224869
1431,-0.25980466892276416
1432,-0.8207905131366393
1433,-0.9989591488395824
1434,-0.5777083313815211
1435,-0.7344007015590577
1436,-0.6954059407263502
1437,-0.38421465349073547
1438,-0.34521769553186693
1439,0.1563226082639965
1440,-0.4520916235541567
1441,-0.8434596741207692
1442,-0.709128335933881
1443,-0.7553160568900884
1444,-0.7380453417996417
1445,-0.18009204673150792
1446,0.07441225033617717
1447,-0.7328387799205145
1448,-1.0567984822780372
1449,-0.28716326526873054
1450,-0.2820482724925508
1451,-0.5372509037573866
1452,-0.8168722931695491
1453,-1.2801329086891102
1454,-0.3447891067052674
1455,-0.3173127392200935
1456,-0.5627214440940822
1457,-0.5143687775147914
1458,-0.5270051900387056
1459,-0.3421428456260618
1460,-0.717424808859231
1461,-0.576033912745074
1462,-0.7175887787058107
1463,-1.2481202153445226
1464,-0.06390015405932292
1465,-0.18309575001741696
1466,-0.6976837335661067
1467,-0.6755795317645658
1468,-0.5940810304622643
1469,-0.6353302721163736
1470,-0.5248254956373607
1471,-0.761963965487366
1472,-0.7992411138323834
1473,-0.9765895095974245
1474,-0.9601737834885232
1475,-0.687468033813848
1476,-0.7024170486469401
1477,-0.721785603809845
1478,-0.5490907403068148
1479,-1.3320523144003333
1480,0.2630585025116362
1481,-1.4589324978017413
1482,-1.1000448960920415
1483,-0.2561092957659434
1484,-0.1454823834700261
1485,-0.6183009127105706
1486,-0.7233685120419694
1487,-0.7799643672112777
1488,-0.7028809068531903
1489,0.06581086906059509
1490,-0.46017670313569004
1491,-0.6781984236040847
1492,-0.34999608106176433
1493,-0.49696745927810865
1494,-0.1586465478882754
1495,-0.672855107092819
1496,-0.3990200274561246
1497,-0.6099673778116722
1498,-1.1394349369803853
1499,-1.0041927416889591
1500,-0.44583989115889705
1501,0.013559678239349702
1502,-0.757843707427013
1503,-1.598791063476558
1504,-1.4498046193570304
1505,-0.35677848218632113
1506,-0.42153873683357357
1507,-0.5348921737290174
1508,-0.6673751928634366
1509,-0.8672603526451272
1510,-0.30286755125929316
1511,-0.6927288605987266
1512,-0.466038991359359
1513,-0.5519324920389149
1514,-0.7413466105368118
1515,0.19671598602260654
1516,-1.4232069189064074
1517,-0.5412695192652125
1518,-0.22027552729201053
1519,-0.6618721377351705
1520,-0.5990960275338927
1521,-0.5209278997176569
1522,-1.1071930381382062
1523,-1.393453060579517
1524,-0.6934185208738799
1525,-0.8452693916201945
1526,-0.6842830261903844
1527,-0.4533418068084815
1528,-0.7125315774022803
1529,-0.6087600793104588
1530,-0.4470358959624724
1531,-0.9807989014544495
1532,-0.7095285361814242
1533,0.26015821350460666
1534,-0.28895366233482095
1535,-0.49876474764482004
1536,-0.3938083469739655
1537,-0.5930796308027467
1538,-0.6351480018294821
1539,-0.6321031438807334
1540,0.10039092332884322
1541,-0.8856721632025594
1542,-0.7310534403149692
1543,0.000374717466423592
1544,-0.014636438475699216
1545,-0.3037393791397229
1546,-0.5370639129114295
1547,-0.8234863377908723
1548,-0.9315641090643919
1549,-0.705598741267859
1550,-0.13025550721817833
1551,0.021634060028375732
1552,-0.8571229976903386
1553,-0.6453568613893269
1554,-0.5872502802008747
1555,-0.8451907023856005
1556,-0.992706755144019
1557,-0.4167192028495007
1558,-1.009948596277229
1559,-1.1504138624512126
1560,-0.1039914173163467
1561,-0.6434565959610911
1562,-0.49353390020885235
1563,-0.7031066669669277
1564,-0.25295487798265104
1565,-0.26117642022277
1566,-0.09025129763311887
1567,-0.2843808462995427
1568,0.0011376346908114933
1569,-0.5751619252460427
1570,-0.2841207340606475
1571,-0.8029297990036456
1572,-0.9145148385567217
1573,0.017088608901224
1574,0.031638991232109615
1575,-1.0759605574317153
1576,-0.6731486534458581
1577,0.35567069877461144
1578,-0.7217989073330147
1579,-0.3467526209621745
1580,-1.0227166621192674
1581,-0.9391666434392953
1582,-0.8148467951296932
1583,-0.5957671248739129
1584,-1.5492750620891547
1585,-0.9522534035487616
1586,-0.4457894993649854
1587,-0.08017035203179389
1588,0.2053657312296836
1589,-0.810526724073884
1590,-0.803123735480328
1591,-0.6144273217032478
1592,-0.3146085480102663
1593,-0.33174714008155554
1594,-0.5660721450186706
1595,-0.24483765149951903
1596,-0.5226200890881707
1597,-0.8658871089595295
1598,-0.7251000450004987
1599,-0.6856263834449774
1600,-0.6398402839335813
1601,-0.8322466991725159
1602,-0.3664435544341695
1603,-0.7544083436210931
1604,-0.44920798585193517
1605,-0.7099980907083964
1606,-0.7888522746370126
1607,-0.09522124343102176
1608,-0.5302894369651958
1609,-1.1756959280894916
1610,-0.6729265831603829
1611,-0.790805162692685
1612,-0.5943506230128183
1613,-0.30110894904975016
1614,-1.145834322653184
1615,-0.7812228281213003
1616,-0.138248950685301
1617,-0.8424496417388913
1618,-0.4089839147975638
1619,-0.5984044516242253
1620,-0.9225735591452426
1621,-0.5205776666131825
1622,-0.7269149231763421
1623,-0.13051557788336876
1624,-0.6163633326633415
1625,-0.37787497726270824
1626,-1.1179620392928116
1627,-0.4388145148317804
1628,-0.08593844085055788
1629,-0.4600829531758756
1630,-0.09810715186855087
1631,-0.8824774161336191
1632,-0.6539389125094391
1633,-0.3903254423736119
1634,-0.5327769886069108
1635,-0.6450033222314534
1636,-0.8424432941104933
1637,-0.35292233967098147
1638,-0.48667178319659893
1639,-0.13763230999248588
1640,-0.059072554253358694
1641,-1.2587217071950547
1642,-0.442663215923049
1643,-0.4901420474464873
1644,-1.3104406009856997
1645,-0.8360477045091455
1646,-0.33670695522494437
1647,0.0992928218793422
1648,-0.8581259122198522
1649,-0.6279979170663198
1650,0.3045883965178597
1651,-0.2996444246181911
1652,-0.1863797337999359
1653,-0.9484530780510785
1654,0.029132466173356117
1655,-0.673696237848959
1656,-0.9818095287678613
1657,-0.643603261396088
1658,-0.03928911721349297
1659,-0.6856417457006128
1660,0.2460430381765628
1661,-0.42764917888044457
1662,-1.2754532700585537
1663,-0.5443842787593978
1664,-0.9380916480332602
1665,0.08736971256322859
1666,-0.49886796074744755
1667,-0.478942047847689
1668,0.15999918535831628
1669,-0.6325718870526719
1670,-0.5387369963824066
1671,-0.26880816529405027
1672,-0.16813371483622233
1673,0.02138493883108298
1674,-0.6179547236314271
1675,-0.03139465441686425
1676,-0.8416554801898802
1677,-0.6525673941411281
1678,-0.7246657591329662
1679,-0.17519201923242217
1680,-0.2404355999112164
1681,-0.07124675705275754
1682,-0.42096485374233805
1683,-0.16054886907667273
1684,-0.09643832623857641
1685,0.12416122564884703
1686,-0.409570584102957
1687,-0.5957878146423046
1688,0.06154998715554087
1689,-0.3577825611316263
1690,-0.6928156319882037
1691,-0.7942882057450926
1692,-0.538336254409715
1693,-0.5066970050724346
1694,-0.8352891236003018
1695,-0.09137148544491851
1696,-1.003790213530591
1697,-0.4737928605874639
1698,-1.2774681625908952
1699,-0.6781300056572167
1700,-0.4472024784528832
1701,-0.09976363889564852
1702,0.0013310703004465187
1703,0.6072974844468803
1704,-0.5292788817624222
1705,0.10394158991795235
1706,0.9583462181694871
1707,0.06222905683866767
1708,-0.4937916025080228
1709,-0.3746709754926389
1710,-1.119992201657377
1711,-0.5874420360076364
1712,-0.18933076079591893
1713,-0.6197042949575476
1714,-0.7791835042191353
1715,-0.7140644523483167
1716,-1.1143267447888987
1717,0.2634915790450008
1718,-0.8130651438274527
1719,-0.6411513607419805
1720,-0.6407228410976579
1721,-0.3897519294781238
1722,-0.6544081042252003
1723,-0.8970901544663639
1724,-0.41754463451277257
1725,-1.4385559405579733
1726,-0.7309335633137664
1727,-1.4639449194797662
1728,-0.6890091031000457
1729,-0.05714376977806901
1730,-1.2631180828321935
1731,0.058878358199908935
1732,-0.47894919185505613
1733,0.06269254416073423
1734,-0.5362146884181869
1735,-0.8336842756713989
1736,-0.6242236059050219
1737,-0.09324814121248083
1738,0.1418010780932579
1739,-0.06355049515702291
1740,-0.7713777777954745
1741,-0.3358148842677171
1742,-0.6227666855339766
1743,-0.6900130135272503
1744,-0.610957655102188
1745,-0.007698420208898659
1746,-0.5680389666712601
1747,-0.49971618047297633
1748,-0.680054373913278
1749,-0.8348772940657108
1750,-1.0063142724209866
1751,-1.820077341288017
1752,-0.059945750925568454
1753,0.045568491354877755
1754,-0.49372171938053433
1755,-0.3858075141878575
1756,-0.11532408903709661
1757,0.004355356813535296
1758,-0.6340423560978518
1759,-0.6362505680843711
1760,-0.769263729895938
1761,0.3799941051762362
1762,-0.37061964876786957
1763,-0.8030952656775345
1764,-0.011048555508342172
1765,-0.7873103293888338
1766,-0.073444008196116
1767,0.007434811923009176
1768,-0.375413161489114
1769,-0.3904562530982837
1770,0.09071725608845341
1771,-1.0022287767594247
1772,-0.5974581030328274
1773,-0.3583128004336184
1774,-0.3444875370748264
1775,-1.8872691190554953
1776,0.006723998999174035
1777,0.05467523486312214
1778,-0.7771558223790895
1779,-0.22065394572963823
1780,-0.044539617589799164
1781,0.3196404010662588
1782,-0.0931718474890567
1783,-0.6259510651274447
1784,-0.48703248347486755
1785,-0.7585967694591714
1786,-0.8477914801119659
1787,-0.05144780946409857
1788,-0.5388122458043805
1789,-0.8015728268878854
1790,0.09503588326468047
1791,-0.4066488554642176
1792,-0.391876987249947
1793,0.09555762692133109
1794,-0.4897890955329657
1795,-0.3070761453043712
1796,-0.08311500473130805
1797,-0.6061303827772232
1798,-1.0982475162471168
1799,0.03428729148049747
1800,-0.6549084675364218
1801,-0.15294431584760718
1802,-0.47732887365296334
1803,0.05784449336662246
1804,-1.2954660126795108
1805,-0.5218494717928813
1806,-0.13157202843822643
1807,-0.5965929974353451
1808,-0.9541121467116149
1809,-0.06798447148554393
1810,-0.5704889025146717
1811,-0.8665168960918987
1812,-0.16269152263525596
1813,-0.48429868664668363
1814,0.09509257097471965
1815,-1.2569723808506272
1816,-0.09791303495434102
1817,-0.6329499537622967
1818,-0.7030632981390352
1819,-0.579789141581293
1820,0.11988949821130038
1821,-0.8691722874777851
1822,-0.28353205051459535
1823,-0.04204946607540222
1824,-0.45567871555909545
1825,-0.6856195245163892
1826,-0.7050705812658242
1827,0.21777250511265214
1828,-0.3182543202630753
1829,-0.5866276412020239
1830,0.49129503827917315
1831,-0.571371138534162
1832,-0.9806764111004904
1833,-0.8427794294415214
1834,-0.4221561092137838
1835,-0.11969983789633665
1836,-0.002288866625696732
1837,-0.7726281313749277
1838,-0.611699152340512
1839,-0.04464741406344879
1840,0.11130806860205605
1841,-0.7032303225854064
1842,-0.49842110578477183
1843,-0.037130823079468585
1844,-0.8789973145933477
1845,0.18910838975120198
1846,-0.632140513343791
1847,-0.36545933679922565
1848,-0.49932345873288464
1849,-0.5449051179264419
1850,-0.5706398419218024
1851,-0.19523085230000473
1852,-1.3505204723201538
1853,-0.5508052014654181
1854,-0.03694182651025605
1855,0.12046806910648136
1856,-0.04904685331271542
1857,-1.12492335102587
1858,-0.5913015838004079
1859,-0.24596007943072995
1860,-0.5042753431977621
1861,-0.8112459814271733
1862,0.06260789436706515
1863,-0.34916885788565644
1864,0.25570840162321107
1865,-1.8022271230679787
1866,-0.10952963644018167
1867,-0.10896959230584045
1868,-0.6713912097924853
1869,-0.7580194831514948
1870,0.30040521831602546
1871,-0.9920386699997512
1872,-0.7050063843694085
1873,-0.10372645669927444
1874,-0.4645751970274321
1875,-0.4615418752462729
1876,-0.24278985000602374
1877,-0.4844000797032126
1878,-0.05860144645819415
1879,0.054804351321997416
1880,-0.4899082688299064
1881,0.6180038330407196
1882,-0.1272007945757709
1883,-0.67396587224043
1884,-0.7288827782395073
1885,0.06485235535270777
1886,-0.07604360740871043
1887,-0.021442734689192625
1888,0.49351109440626595
1889,-0.3653047349137811
1890,-0.3172889603380745
1891,-0.03640432001040106
1892,-1.2218700129960451
1893,-0.44169053665335506
1894,0.0009213045157040528
1895,-0.6540191357256256
1896,-0.39837172652553976
1897,-0.733796659638876
1898,-0.016700363777402364
1899,0.09896524814245392
1900,-0.6756145952991872
1901,-1.086823182685252
1902,0.3736158795965287
1903,-0.7544102554364343
1904,-0.37027705503210795
1905,-1.1286215444143473
1906,-0.6331494911480764
1907,-0.09303926711230706
1908,-0.032254076522458125
1909,-0.8897967866375527
1910,-1.0945326000824565
1911,-0.2536684332523936
1912,-0.39544074884108715
1913,0.32643775456078733
1914,-0.2612075977231324
1915,-0.794682707934253
1916,-0.059747064507274385
1917,-0.12675262468785853
1918,-0.47774577433059595
1919,-0.6736685291950264
1920,-1.078205401434111
1921,-0.19718113844296067
1922,-0.6842679977783187
1923,-0.6057622075479387
1924,-0.7522989761024841
1925,-0.6778777198271136
1926,-0.5077546488535195
1927,-0.5011497707109894
1928,-0.8098392840123196
1929,-0.541665357112057
1930,-0.08967711080363427
1931,0.07266665666943742
1932,-0.2710986590304951
1933,-0.9409181361049982
1934,-0.331320686393662
1935,-0.7374142028159965
1936,-0.26853911428172794
1937,-0.640822509782353
1938,0.23785726532973342
1939,-0.7828866572970519
1940,-0.8112493460513208
1941,-0.38776321732623487
1942,-0.2680806406961618
1943,-0.23009103138018713
1944,-0.5968509213469397
1945,-1.104560849569071
1946,-0.9513154515350138
1947,-1.1652532741303023
1948,0.10530554792250914
1949,-0.6648952174377933
1950,-0.5315596632084456
1951,-0.4844149874766606
1952,-0.3026932712049487
1953,-1.182447309753497
1954,-0.6432044814959921
1955,0.0927326442593644
1956,-0.6918792766949438
1957,-0.49462875748568846
1958,-0.36699641159500185
1959,-0.06218583681656329
1960,-1.0200877804475077
1961,-0.6274481320689418
1962,-0.4464876915081729
1963,-0.1876829511398083
1964,-0.49190822387657
1965,-0.3169121202687366
1966,-0.02676420112235439
1967,0.12892674668073403
1968,0.05666186903198344
1969,-0.5024888105066929
1970,0.100546927409149
1971,-0.7987804633122626
1972,-0.11501371831473042
1973,-0.3713505248775196
1974,-0.005207664480515105
1975,0.0364040562989256
1976,-0.12224732290727262
1977,-0.7951620103721214
1978,-0.9179106065098329
1979,-0.5102716075514029
1980,-0.07656477059546117
1981,-0.720364924704396
1982,-0.53337195414864
1983,-1.0142421924218898
1984,-0.8982575637863641
1985,-0.8592447553144545
1986,-0.9025338903564566
1987,-0.23232767190932077
1988,-0.7491711236100353
1989,-0.5497428774950579
1990,-0.5235165208685536
1991,-1.0252806395609126
1992,-0.34400381078608233
1993,-0.7810527058350171
1994,-1.01102963982134
1995,-1.0906699771589137
1996,0.5498446274075074
1997,-0.7574169003791817
1998,-1.3750745437939569
1999,0.05087704899543935
2000,-0.6700561839200557
2001,-1.6526824299036196
2002,-0.6438623024923906
2003,-0.5253733232821411
2004,-0.9167290136779108
2005,-0.30318752318460207
2006,-0.05479312223124767
2007,-0.9652423502143652
2008,-1.4745576454414344
2009,-0.731351155750925
2010,-0.5033605940707069
2011,-0.6540995063585991
2012,-0.0744090917294978
2013,-0.09035940859985796
2014,-0.48219225431753965
2015,-0.2594978007401746
2016,-0.9663455776141209
2017,-0.6451985467332166
2018,0.0821228716160411
2019,-0.6668923682463179
2020,-0.33175213969008177
2021,0.02130487148526699
2022,-0.10547993152112689
2023,-1.3235330080063459
2024,-0.8152620416693772
2025,-0.5150877450991578
2026,-0.8151067241945553
2027,0.17770014672025983
2028,-0.8783228475478511
2029,-0.17163748287223746
2030,-0.3277240966349171
2031,0.028433976707888903
2032,-0.6855978630431128
2033,-0.34133117651458855
2034,-0.45468219073874977
2035,-0.5519562915302272
2036,0.016856804630818643
2037,-0.9039109545775419
2038,-0.527685303877131
2039,-0.014012364763059098
2040,-0.7935307338902851
2041,-0.3823512703801441
2042,-0.6921900365049578
2043,-1.6490103570507284
2044,-0.6410128398208119
2045,-0.0833087161777566
2046,0.6050807957555612
2047,0.022755535237327113
2048,-0.20805765065522616
2049,-0.5292519544564351
2050,-0.8099626914397059
2051,-0.7732936029685672
2052,0.48243490491634705
2053,-0.45198498825429584
2054,-0.8236684635425728
2055,-1.3841362338249914
2056,-0.8017145184716984
2057,-0.30362457959742534
2058,-0.5247427070107331
2059,-0.7362748320877407
2060,0.013962411184461544
2061,-0.5217377997185971
2062,-0.3397894104062589
2063,0.027022971887500313
2064,-0.3522424680972294
2065,-0.766263628537148
2066,-1.1208529781535765
2067,-0.9934195635998139
2068,-0.5857593998508956
2069,-0.7285578732943113
2070,-0.24791879662112687
2071,-0.6763152637515041
2072,-0.6909663747859082
2073,-0.7043331438713168
2074,0.10195931088943677
2075,0.07089427114960814
2076,-0.5256808777026638
2077,-0.6853490168120416
2078,-0.7796104238911873
2079,-0.14920732360239414
2080,-0.371379987575084
2081,-0.7367696664835535
2082,0.045903866084354115
2083,-0.8549859324536941
2084,-0.6632750147439105
2085,-0.8571063823044729
2086,0.021817196836531418
2087,-1.0438043405865358
2088,-1.3088604417844505
2089,-0.81725977336219
2090,-0.6698727162391085
2091,0.12015690343094504
2092,-0.6749412536689285
2093,-0.5534228820393485
2094,0.019621264813353714
2095,-0.9794124533901893
2096,-0.9941178193415792
2097,-0.585440382983625
2098,-0.019624140486398697
2099,-0.1747673063297517
2100,-0.9026893398096779
2101,-0.6322435689055346
2102,-0.34647350289177
2103,-0.28688488858679784
2104,-0.6086952236871079
2105,-0.024207481842716892
2106,0.5729858482218673
2107,-0.6854895119028396
2108,-0.25654083387202
2109,-0.6651230383878366
2110,-1.2503646694747277
2111,-1.928662577217634
2112,-0.06936215731758724
2113,-0.761757115899389
2114,-0.5987081882789207
2115,-1.7621062210086276
2116,-0.3212429830445793
2117,-0.746576030497855
2118,-0.6361421504648883
2119,-0.9095502865839937
2120,-0.5252138835639419
2121,-0.780288407015109
2122,-0.7038885434176683
2123,-0.8772570302775725
2124,-0.8664872738130511
2125,0.042057117333582604
2126,-0.7646662783796402
2127,0.663356573609476
2128,-0.6339903906257103
2129,-0.8616572434856167
2130,0.10566634939762794
2131,-0.37693614395488756
2132,-0.3895067020015558
2133,-0.5638226857459229
2134,-0.5784769143741784
2135,-0.7862557342395209
2136,0.13198263158840565
2137,-0.15584837168497992
2138,-0.2901776015435795
2139,-0.06435015443251332
2140,-0.4848678947024211
2141,-1.239030580934528
2142,-0.8925777811651823
2143,-0.8110225143056453
2144,-0.5387446450666205
2145,-0.8871209093786204
2146,0.4275153553311035
2147,-0.9116828423188912
2148,-0.05152690784231331
2149,-0.5950709154311618
2150,-1.1162892703871685
2151,-1.240978037949839
2152,-0.8651268273599313
2153,-0.967855013478863
2154,-0.2913415223577766
2155,-0.7801102430705078
2156,-0.27604942933729437
2157,-0.3081890268964436
2158,-0.3252646675628137
2159,-1.3494369493874936
2160,-0.471651468169125
2161,-0.5521570328048786
2162,-0.6776907651993342
2163,-0.8919002206901652
2164,-0.12399693618285934
2165,-0.31941448300997666
2166,-0.5136177160884555
2167,-1.2977786488141516
2168,-0.4504477818055955
2169,-0.16938404363713658
2170,-0.7414247199630741
2171,0.12964102139789163
2172,-1.335344864151823
2173,-0.6792407884067084
2174,-0.23767188739895898
2175,-1.002551241067687
2176,-0.5808851960256414
2177,0.33857994996338436
2178,-1.5035042287487161
2179,-0.349494291890221
2180,0.8537376670668791
2181,-0.7500092918537282
2182,-0.08880377866262011
2183,-0.68350504544491
2184,-0.8449752001052855
2185,-0.3943665956806479
2186,-0.15438010741816388
2187,-1.2019023774580226
2188,-1.421548589784003
2189,-0.21649270322654304
2190,-0.6530167074308599
2191,-0.023524273266293826
2192,-0.15298709521974715
2193,-0.8962676402467324
2194,0.08781097083275001
2195,-0.3575109174096137
2196,-0.31708143020759016
2197,-0.3082828489817448
2198,-0.5251162491869787
2199,-0.1533384532032535
2200,-0.7309884885836613
2201,-0.35968993675814614
2202,-0.07705892440151048
2203,-0.7509306932938697
2204,-0.6498931407288707
2205,-0.8673012706549349
2206,-0.9256430377167708
2207,-1.5979993157254924
2208,-0.18080821549428397
2209,-0.1338911234622852
2210,-0.7970649440636468
2211,-0.6280551729521144
2212,-0.18744659735253977
2213,-1.512259039467844
2214,-0.9172576146078532
2215,-0.7786899685170499
2216,-0.0882170462398911
2217,-0.8139671351936435
2218,-1.0415309535636326
2219,-0.7260912767191517
2220,-1.5430337499889448
2221,-0.7749555758110129
2222,-1.4031685828007538
2223,-1.5841625525367835
2224,0.15164392790120565
2225,-0.6135291006410546
2226,-0.25629822477989084
2227,-0.43788533636893007
2228,-0.8518895610842878
2229,-1.5439219029359954
2230,-0.24897644302939287
2231,-0.9575751528545234
2232,-0.07281364760543876
2233,0.21999181089879363
2234,-1.461094798145355
2235,-0.9587951010731621
2236,-0.6799651175918794
2237,-0.43922571418490847
2238,-0.9822038821783006
2239,-0.6235508749720647
2240,-0.4626725588250647
2241,-0.9109455087914898
2242,-0.6825096217077812
2243,-0.6759852035494007
2244,-0.5630512713717702
2245,-0.9887191869509832
2246,-1.638031123034672
2247,-0.6616836119038816
2248,-0.3209641757187032
2249,-0.7366019210713596
2250,-1.2573303423595115
2251,-0.6190259674929555
2252,-0.7985276597400496
2253,-0.6993501563424063
2254,-0.4964776317806384
2255,-0.4124528899160315
2256,-0.41914452547915354
2257,-0.981036394558421
2258,-0.48520550117704775
2259,-0.7834007063382654
2260,-0.672015116092465
2261,-0.19973559935931198
2262,-1.3314714840441773
2263,-1.05657483237445
2264,-0.46856218070561867
2265,-1.4582003657623521
2266,-0.7427422228691596
2267,-1.5192121771103053
2268,-0.16695201863011966
2269,-0.05655883679442858
2270,-0.09189047997702274
2271,-0.16190509990940924
2272,-1.0642816374877966
2273,-0.3077691301780449
2274,-0.899744170256739
2275,-0.5368414688625324
2276,-1.463069239684632
2277,-0.24492965427217525
2278,-0.769571046401397
2279,-0.14558421463483384
2280,-0.7081562656848326
2281,-0.8565867530802637
2282,-0.060090406061721904
2283,-0.5773044213363997
2284,-0.6652495981507806
2285,-0.592017977573482
2286,-0.7592564460678738
2287,-0.6159660091117615
2288,-0.5723084761823836
2289,-1.2850154698549696
2290,-0.690299692298378
2291,-0.6851623568753247
2292,-0.5633826913845015
2293,-0.623785310666646
2294,0.004747187315033274
2295,-0.4059075800134496
2296,-1.591545583830106
2297,-0.10880407244803175
2298,-0.6643699735978996
2299,0.006662989114600554
2300,-0.6521781000600988
2301,-1.026534965849097
2302,-0.7946457617837637
2303,-1.2805366342129778
2304,-0.9257041260029099
2305,-0.2199945700997021
2306,-0.6322669765041353
2307,-0.931378698091951
2308,-0.10010801101917456
2309,-0.7257638346512095
2310,-0.8058312207822744
2311,-0.9427558741303526
2312,-0.729386225482879
2313,-0.5856647593363712
2314,-1.5062923271155904
2315,-0.8401524249543207
2316,0.016110019526889823
2317,-1.0670189012018056
2318,-0.5134369616227108
2319,-1.495447507550574
2320,-0.34315040336220026
2321,-1.1546629289240053
2322,-0.5470038840370776
2323,-0.05476949529990813
2324,-0.7817063828456046
2325,-1.2590936015850323
2326,-1.0174327232810088
2327,-0.42755119959676385
2328,-1.0330169672605067
2329,-0.5996960246635776
2330,-0.9291776974645134
2331,-0.7775680241613825
2332,-0.9428271930204959
2333,-1.5106863818013645
2334,-0.706212788093286
2335,-0.7049325345053818
2336,-1.603093112261371
2337,-0.6509121984626325
2338,-0.8110977635446699
2339,-0.8780361161795799
2340,-0.7624330456672033
2341,-1.2456213519538295
2342,-0.18909278920458264
2343,-0.7419831676378417
2344,-1.5630485950316233
2345,-0.5075769420943931
2346,-0.3759542866073364
2347,-0.16864914203341289
2348,-1.6317528398720285
2349,-1.0118936532915301
2350,-0.3884179980918721
2351,-0.24832247132644059
2352,-0.4229910278633492
2353,-0.6960516448490912
2354,0.2372596746892166
2355,-0.6575733625228988
2356,-0.44185413489701836
